YEAR,MONTH,lluvia_mm,temp_max,temp_min,humedad,ph_suelo,Recomendacion
1981,JAN,0.10088563727377746,0.06635071090047395,0.3649517684887458,0.7310964083175806,0.6327212020033388,1
1982,JAN,0.12629957643434733,0.14218009478672977,0.3376205787781348,0.7613421550094515,0.687813021702838,3
1983,JAN,0.052368117058144016,0.330568720379147,0.6157556270096463,0.7225897920604911,0.5208681135225375,3
1984,JAN,0.02579899884482095,0.04028436018957349,0.19614147909967872,0.665879017013232,0.6310517529215358,1
1985,JAN,0.07393145937620332,0.013033175355450233,0.3938906752411573,0.6446124763705097,0.8363939899833055,1
1986,JAN,0.09664998074701579,0.05331753554502372,0.45176848874598075,0.6077504725897924,0.4808013355592654,2
1987,JAN,0.06083943011166732,0.10189573459715628,0.35209003215434076,0.7192816635160684,0.0016694490818029983,2
1988,JAN,0.09626492106276474,0.23933649289099534,0.07556270096463025,0.5368620037807181,0.9482470784641068,1
1989,JAN,0.016557566422795537,0.15165876777251208,0.6012861736334403,0.5018903591682418,0.4808013355592654,2
1990,JAN,0.06237966884867155,0.19075829383886234,0.5916398713826363,0.6134215500945173,0.24040066777963276,2
1991,JAN,0.1182133230650751,0.10426540284360186,0.23954983922829576,0.6507561436672971,0.9198664440734556,3
1992,JAN,0.004620716211012708,0.18364928909952605,0.37138263665594873,0.48629489603024556,0.1853088480801336,2
1993,JAN,0.010011551790527535,0.4585308056872037,0.4340836012861733,0.4163516068052928,0.4707846410684474,1
1994,JAN,0.0,0.33175355450236976,0.41318327974276525,0.32797731568998145,0.12020033388981632,2
1995,JAN,0.005390835579514825,0.3732227488151656,0.40836012861736326,0.3497164461247637,0.13856427378964942,2
1996,JAN,0.05429341547939931,0.17061611374407626,0.36334405144694526,0.5954631379962194,0.1419031719532554,2
1997,JAN,0.07662687716596073,0.1872037914691944,0.12218649517684876,0.47920604914933795,0.9632721202003338,1
1998,JAN,0.000385059684251059,0.3530805687203791,0.4067524115755623,0.5973534971644607,0.7262103505843072,1
1999,JAN,0.08163265306122451,0.10308056872037952,0.30707395498392276,0.7783553875236295,0.330550918196995,2
2000,JAN,0.1624951867539469,0.07701421800947861,0.40192926045016075,0.8067107750472591,0.7512520868113521,1
2001,JAN,0.08586830958798615,0.06516587677725116,0.2636655948553053,0.6947069943289224,0.03005008347245408,2
2002,JAN,0.1405467847516365,0.14218009478672977,0.32958199356913176,0.7485822306238186,0.7045075125208682,3
2003,JAN,0.09010396611474779,0.15876777251184837,0.45016077170418023,0.7637051039697544,0.44073455759599334,2
2004,JAN,0.03966114747785907,0.15758293838862603,0.38263665594855323,0.6951795841209831,0.6143572621035058,3
2005,JAN,0.26068540623796693,0.23933649289099534,0.40192926045016075,0.8719281663516067,0.2854757929883138,2
2006,JAN,0.261455525606469,0.15284360189573443,0.30225080385852077,0.844045368620038,0.9582637729549248,3
2007,JAN,0.1274547554871005,0.08056872037914697,0.7170418006430863,0.7807183364839316,0.5409015025041737,3
2008,JAN,0.0947246823257605,0.022511848341232543,0.07395498392282973,0.7665406427221173,0.09015025041736224,2
2009,JAN,0.0731613400077012,0.029620853080568832,0.5836012861736333,0.7438563327032135,0.7879799666110185,1
2010,JAN,0.18521370812475935,0.21327014218009488,0.5080385852090032,0.7178638941398869,0.10016694490818023,2
2011,JAN,0.1855987678090104,0.1172985781990521,0.40353697749196127,0.7547258979206051,0.11853088480801344,2
2012,JAN,0.16288024643819793,0.0,0.4774919614147912,0.7637051039697544,0.25208681135225364,2
2013,JAN,0.03273007316134001,0.12440758293838883,0.42604501607717027,0.7027410207939502,0.4707846410684474,2
2014,JAN,0.08894878706199462,0.07464454976303303,0.39549839228295824,0.7613421550094515,0.21202003338898168,2
2015,JAN,0.2129380053908356,0.08293838862559255,0.6045016077170418,0.8199432892249527,0.9148580968280469,3
2016,JAN,0.08394301116673086,0.23815165876777256,0.49678456591639875,0.7292060491493384,0.13021702838063443,2
2017,JAN,0.16442048517520216,0.15758293838862603,0.4453376205787778,0.7641776937618143,0.15025041736227052,2
2018,JAN,0.45552560646900275,0.07345971563981069,0.6045016077170418,0.9555765595463139,0.7996661101836393,1
2019,JAN,0.027339237581825188,0.3092417061611372,0.5160771704180063,0.6483931947069941,0.1435726210350584,2
2020,JAN,0.16942626107046593,0.1883886255924172,0.6688102893890673,0.8350661625708877,0.3923205342237063,2
2021,JAN,0.12514439738159416,0.10663507109004744,0.26848874598070727,0.8114366729678633,0.9916527545909848,3
2022,JAN,0.053138236426646134,0.14454976303317535,0.5273311897106108,0.6899810964083173,0.664440734557596,3
2023,JAN,0.09973045822102426,0.0556872037914693,0.44855305466237927,0.7977315689981097,0.11018363939899833,2
2024,JAN,0.041201386214863314,0.2902843601895735,0.6446945337620578,0.7703213610586008,0.651085141903172,3
1981,FEB,0.12706969580284944,0.11255924170616094,0.4437299035369773,0.7452741020793949,0.4991652754590985,3
1982,FEB,0.11436272622256452,0.14573459715639814,0.3488745980707393,0.6460302457466911,0.19198664440734559,2
1983,FEB,0.0026954177897574125,0.6244075829383884,0.4726688102893888,0.48676748582230633,0.23706176961602665,1
1984,FEB,0.03812090874085484,0.4040284360189572,0.2524115755627008,0.5737240075614363,0.8363939899833055,1
1985,FEB,0.0150173276857913,0.17417061611374418,0.30225080385852077,0.45652173913043503,0.5058430717863105,1
1986,FEB,0.014247208317289184,0.37085308056872046,0.0,0.3270321361058599,0.953255425709516,1
1987,FEB,0.04351174432036966,0.3139810426540284,0.5225080385852088,0.6394139886578447,0.5242070116861437,1
1988,FEB,0.03157489410858683,0.5592417061611372,0.5466237942122187,0.4981096408317578,0.6076794657762938,1
1989,FEB,0.02271852137081248,0.43483412322274884,0.45659163987138274,0.3549149338374291,0.7629382303839733,1
1990,FEB,0.03273007316134001,0.4040284360189572,0.43729903536977477,0.36909262759924344,0.2904841402337228,2
1991,FEB,0.05082787832113979,0.3376777251184837,0.39067524115755625,0.4962192816635156,0.23706176961602665,2
1992,FEB,0.03735078937235272,0.6990521327014219,0.3376205787781348,0.32797731568998145,0.342237061769616,1
1993,FEB,0.007316134000770119,0.6007109004739335,0.4453376205787778,0.16965973534971646,0.2988313856427379,1
1994,FEB,0.010396611474778591,0.5390995260663507,0.45016077170418023,0.26370510396975444,0.3355592654424039,1
1995,FEB,0.014632268001540242,0.5533175355450237,0.30064308681672025,0.22637051039697553,0.27212020033388973,1
1996,FEB,0.057758952637658845,0.3992890995260665,0.24115755627009627,0.46597353497164473,0.0116861435726211,2
1997,FEB,0.05005775895263767,0.3637440758293842,0.5160771704180063,0.5033081285444232,0.7979966611018363,1
1998,FEB,0.01116673084328071,0.7796208530805688,0.5932475884244373,0.3501890359168245,0.9766277128547578,1
1999,FEB,0.1678860223334617,0.06990521327014232,0.39549839228295824,0.7325141776937611,0.3622704507512521,2
2000,FEB,0.11205236811705817,0.0035545023696683664,0.4340836012861733,0.7438563327032135,0.1636060100166945,2
2001,FEB,0.08201771274547556,0.1113744075829386,0.45819935691318325,0.5845935727788278,0.20200333889816358,2
2002,FEB,0.052368117058144016,0.20734597156398094,0.4999999999999998,0.5954631379962194,0.657762938230384,1
2003,FEB,0.07778205621871391,0.27014218009478697,0.44212218649517676,0.6587901701323249,0.43572621035058434,2
2004,FEB,0.08509819021948403,0.4431279620853079,0.37459807073954976,0.5987712665406422,0.6911519198664442,1
2005,FEB,0.16095494801694263,0.3092417061611372,0.2861736334405143,0.7178638941398869,0.5525876460767947,3
2006,FEB,0.09356950327300734,0.16113744075829395,0.4324758842443728,0.6895085066162565,0.696160267111853,3
2007,FEB,0.005005775895263766,0.29620853080568743,0.36977491961414777,0.5018903591682418,0.07011686143572626,2
2008,FEB,0.07778205621871391,0.13507109004739348,0.27170418006430874,0.6918714555765595,0.9115191986644409,3
2009,FEB,0.14786291875240662,0.1101895734597158,0.38424437299035374,0.6885633270321359,0.5626043405676127,3
2010,FEB,0.08779360800924144,0.3696682464454977,0.5257234726688103,0.6654064272211722,0.696160267111853,3
2011,FEB,0.1671159029649596,0.18483412322274884,0.5225080385852088,0.7225897920604911,0.07512520868113526,2
2012,FEB,0.052368117058144016,0.09715639810426557,0.32154340836012874,0.6356332703213603,0.7161936560934892,1
2013,FEB,0.0835579514824798,0.3364928909952605,0.47106109324758827,0.5827032136105865,0.5592654424040067,1
2014,FEB,0.06931074316519062,0.3234597156398107,0.35852090032154327,0.6266540642722118,0.5692821368948247,1
2015,FEB,0.14709279938390452,0.18127962085308091,0.5128617363344048,0.7585066162570886,0.6043405676126878,3
2016,FEB,0.1594147092799384,0.3755924170616116,0.5498392282958198,0.7065217391304346,0.3372287145242071,2
2017,FEB,0.057373892953407786,0.31753554502369674,0.4726688102893888,0.6573724007561434,0.8397328881469113,3
2018,FEB,0.12822487485560263,0.028436018957346043,0.4276527331189708,0.7542533081285443,0.7512520868113521,1
2019,FEB,0.057758952637658845,0.6327014218009479,0.4774919614147912,0.3468809073724004,0.642737896494157,1
2020,FEB,0.09742010011551791,0.26066350710900466,0.32797427652733124,0.7433837429111527,0.5826377295492489,3
2021,FEB,0.0581440123219099,0.24763033175355442,0.5610932475884243,0.6890359168241966,0.996661101836394,3
2022,FEB,0.06276472853292261,0.1872037914691944,0.09967845659163976,0.5080340264650278,0.7729549248747913,1
2023,FEB,0.11936850211782829,0.25592417061611394,0.2588424437299033,0.7008506616257089,0.5943238731218699,3
2024,FEB,0.15517905275317675,0.4063981042654028,0.32315112540192925,0.6687145557655949,0.9232053422370616,3
1981,MAR,0.06546014632268002,0.4751184834123223,0.11897106109324773,0.5808128544423443,0.1836393989983306,1
1982,MAR,0.05121293800539085,0.3992890995260665,0.28456591639871376,0.4371455576559544,0.682804674457429,1
1983,MAR,0.03504043126684637,0.8779620853080567,0.5273311897106108,0.27410207939508524,0.687813021702838,1
1984,MAR,0.02233346168656142,0.6824644549763037,0.34565916398713825,0.2849716446124759,0.39065108514190316,1
1985,MAR,0.01848286484405083,0.6872037914691944,0.37942122186495175,0.2292060491493384,0.69449081803005,1
1986,MAR,0.02117828263380824,0.5971563981042651,0.09163987138263674,0.25236294896030254,0.971619365609349,1
1987,MAR,0.025413939160569894,0.911137440758294,0.025723472668810254,0.29725897920604893,0.8797996661101835,1
1988,MAR,0.027724297266076246,0.5758293838862558,0.43569131832797425,0.28402646502835527,0.01001669449081799,1
1989,MAR,0.012321909896033888,0.5912322274881516,0.22347266881028927,0.12476370510396961,0.7779632721202003,1
1990,MAR,0.03195995379283789,0.6433649289099526,0.09163987138263674,0.2887523629489608,0.7813021702838063,1
1991,MAR,0.005775895263765885,0.6504739336492888,0.35691318327974275,0.1918714555765595,0.953255425709516,1
1992,MAR,0.0150173276857913,0.7831753554502368,0.30064308681672025,0.11531190926276036,0.38397328881469106,1
1993,MAR,0.028494416634578364,0.6907582938388628,0.04180064308681675,0.20085066162570886,0.3439065108514191,1
1994,MAR,0.005775895263765885,0.661137440758294,0.23794212218649524,0.0,0.981636060100167,1
1995,MAR,0.025028879476318835,0.7085308056872037,0.24115755627009627,0.13421550094517976,0.7145242070116862,1
1996,MAR,0.006546014632268002,0.8317535545023698,0.2588424437299033,0.15453686200378103,0.40400667779632715,1
1997,MAR,0.017712745475548713,0.6528436018957349,0.35530546623794224,0.1606805293005671,0.629382303839733,1
1998,MAR,0.005390835579514825,0.9419431279620851,0.6270096463022508,0.11389413988657893,0.7813021702838063,1
1999,MAR,0.051983057373892964,0.29857819905213256,0.27813504823151125,0.5609640831758034,0.4707846410684474,2
2000,MAR,0.028879476318829422,0.39218009478672977,0.48553054662379425,0.5425330812854439,0.006677796327211993,2
2001,MAR,0.04774740084713131,0.7251184834123223,0.2524115755627008,0.3506616257088844,0.24040066777963276,1
2002,MAR,0.06738544474393532,0.46682464454976325,0.4999999999999998,0.4692816635160679,0.8330550918196995,1
2003,MAR,0.053138236426646134,0.7677725118483414,0.3874598070739548,0.3733459357277882,0.1435726210350584,1
2004,MAR,0.1386214863303812,0.3495260663507107,0.7122186495176852,0.5850661625708886,0.9482470784641068,1
2005,MAR,0.06199460916442048,0.36492890995260696,0.45819935691318325,0.5708884688090743,0.20033388981636058,2
2006,MAR,0.18405852907200618,0.2677725118483414,0.41157556270096474,0.6431947069943291,0.13188647746243742,2
2007,MAR,0.07277628032345014,0.5165876777251186,0.5530546623794212,0.42485822306238186,0.37729549248747907,1
2008,MAR,0.0431266846361186,0.24763033175355442,0.41318327974276525,0.5028355387523624,0.8113522537562605,1
2009,MAR,0.20754716981132076,0.3376777251184837,0.32154340836012874,0.628544423440454,0.5926544240400666,1
2010,MAR,0.11051212938005393,0.6078199052132702,0.44855305466237927,0.5009451795841211,0.96661101836394,1
2011,MAR,0.014247208317289184,0.4940758293838865,0.2861736334405143,0.46833648393194727,0.18864774624373948,1
2012,MAR,0.09395456295725839,0.42654028436018976,0.2813504823151123,0.5387523629489603,0.330550918196995,2
2013,MAR,0.14632268001540238,0.683649289099526,0.47909967845659174,0.5236294896030249,0.954924874791319,1
2014,MAR,0.04389680400462072,0.45023696682464465,0.45337620578778126,0.3568052930056713,0.41736227045075125,1
2015,MAR,0.09780515979976898,0.36018957345971536,0.43890675241157573,0.613894139886578,0.7612687813021703,1
2016,MAR,0.038505968425105896,0.7985781990521326,0.6221864951768488,0.36672967863894135,0.3672787979966611,1
2017,MAR,0.11975356180207933,0.5639810426540288,0.43729903536977477,0.5132325141776941,0.7512520868113521,1
2018,MAR,0.12591451675009627,0.3827014218009479,0.27813504823151125,0.6535916824196599,0.5225375626043405,3
2019,MAR,0.18059299191374664,0.5296208530805684,0.5578778135048232,0.49007561436672953,0.5442404006677795,1
2020,MAR,0.030804774740084716,0.4526066350710902,0.6125401929260448,0.48204158790170126,0.9649415692821368,1
2021,MAR,0.19946091644204852,0.4206161137440758,0.23472668810289377,0.5775047258979207,0.654424040066778,1
2022,MAR,0.2760877936080093,0.4751184834123223,0.3762057877813503,0.5486767485822313,0.659432387312187,1
2023,MAR,0.18752406623026568,0.419431279620853,0.5418006430868163,0.6724952741020793,0.24373956594323865,2
2024,MAR,0.07932229495571815,0.859004739336493,0.36816720257234725,0.40028355387523673,0.8146911519198663,1
1981,APR,0.23103581055063535,0.3613744075829386,0.6929260450160772,0.678166351606805,0.2988313856427379,2
1982,APR,0.14208702348864075,0.48815165876777256,0.3874598070739548,0.434310018903592,0.7712854757929883,1
1983,APR,0.14401232190989602,0.9182464454976302,0.49678456591639875,0.1375236294896034,0.08848080133555924,1
1984,APR,0.10396611474778593,0.71563981042654,0.2700964630225078,0.16446124763705106,0.28714524207011694,1
1985,APR,0.03157489410858683,0.7831753554502368,0.4742765273311893,0.13090737240075656,0.6994991652754592,1
1986,APR,0.016942626107046596,0.764218009478673,0.6929260450160772,0.24621928166351603,0.951585976627713,1
1987,APR,0.1732768579129765,0.43483412322274884,0.45337620578778126,0.5959357277882802,0.682804674457429,1
1988,APR,0.06623026569118214,0.7725118483412321,0.5643086816720257,0.17344045368620042,0.8414023372287147,1
1989,APR,0.014247208317289184,0.6978672985781991,0.5289389067524117,0.13705103969754262,0.07512520868113526,1
1990,APR,0.03465537158259531,0.7464454976303316,0.21704180064308676,0.15926275992438566,0.8397328881469113,1
1991,APR,0.030804774740084716,0.9383886255924172,0.43086816720257226,0.13705103969754262,0.8614357262103505,1
1992,APR,0.03696572968810166,0.9893364928909953,0.5643086816720257,0.1729678638941401,0.4991652754590985,1
1993,APR,0.060069310743165204,0.8779620853080567,0.6334405144694533,0.15595463137996246,0.347245409015025,1
1994,APR,0.041201386214863314,0.75,0.49839228295819926,0.146030245746692,0.5075125208681135,1
1995,APR,0.08894878706199462,0.953791469194313,0.6704180064308682,0.31001890359168227,0.8247078464106845,1
1996,APR,0.01732768579129765,0.7239336492890995,0.5016077170418003,0.13421550094517976,0.006677796327211993,1
1997,APR,0.07354639969195226,0.7132701421800949,0.41157556270096474,0.09735349716446118,0.39398998330550916,1
1998,APR,0.03157489410858683,1.0,0.6704180064308682,0.14839319470699408,0.4791318864774624,1
1999,APR,0.21794378128609934,0.4229857819905214,0.3038585209003217,0.5387523629489603,0.5959933222036728,1
2000,APR,0.10935695032730074,0.37203791469194325,0.46302250803858525,0.5411153119092624,0.44073455759599334,2
2001,APR,0.11012706969580285,0.5545023696682465,0.5980707395498392,0.47353497164461267,0.7979966611018363,1
2002,APR,0.09164420485175204,0.3803317535545023,0.3987138263665593,0.38941398865784516,0.8948247078464107,1
2003,APR,0.11128224874855605,0.6990521327014219,0.45659163987138274,0.3516068052930059,0.38898163606010017,1
2004,APR,0.07046592221794379,0.7310426540284363,0.5932475884244373,0.3804347826086958,0.41235392320534237,1
2005,APR,0.26107046592221794,0.47393364928909953,0.39710610932475876,0.5987712665406422,0.9766277128547578,1
2006,APR,0.08394301116673086,0.47393364928909953,0.42926045016077174,0.4905482041587903,0.681135225375626,1
2007,APR,0.16172506738544473,0.6682464454976302,0.4453376205787778,0.48156899810964093,0.2954924874791319,1
2008,APR,0.1913746630727763,0.3827014218009479,0.38906752411575574,0.5283553875236295,0.308848080133556,2
2009,APR,0.06083943011166732,0.4372037914691944,0.5369774919614148,0.40548204158790213,0.13021702838063443,1
2010,APR,0.14324220254139394,0.7511848341232228,0.46945337620578775,0.44234404536862026,0.621035058430718,1
2011,APR,0.0581440123219099,0.6552132701421804,0.33601286173633427,0.29725897920604893,0.20033388981636058,1
2012,APR,0.1366961879091259,0.5035545023696684,0.36816720257234725,0.4749527410207941,0.9916527545909848,1
2013,APR,0.16326530612244897,0.5438388625592419,0.5707395498392283,0.522211720226843,0.12353923205342232,1
2014,APR,0.24797843665768196,0.6706161137440758,0.5868167202572347,0.5562381852551983,0.1719532554257095,1
2015,APR,0.14786291875240662,0.640995260663507,0.49839228295819926,0.5737240075614363,0.3121869782971619,1
2016,APR,0.11744320369657298,0.7559241706161135,0.5916398713826363,0.341682419659735,0.7278797996661102,1
2017,APR,0.1990758567577975,0.6018957345971567,0.5755627009646302,0.594045368620038,0.9248747913188649,1
2018,APR,0.18713900654601465,0.3992890995260665,0.3938906752411573,0.655954631379962,0.7512520868113521,3
2019,APR,0.18213323065075088,0.7440758293838865,0.6961414790996783,0.4149338374291114,0.7362270450751252,1
2020,APR,0.2522140931844436,0.6161137440758293,0.5787781350482313,0.47400756143667255,0.5826377295492489,1
2021,APR,0.3742780130920293,0.42654028436018976,0.5498392282958198,0.7344045368620034,0.1752921535893155,2
2022,APR,0.3172891798228726,0.4751184834123223,0.6237942122186497,0.66351606805293,0.9115191986644409,3
2023,APR,0.13053523296110897,0.6812796208530805,0.45659163987138274,0.475425330812854,0.006677796327211993,1
2024,APR,0.21948402002310358,0.7855450236966823,0.48713826366559476,0.46880907372400715,0.43405676126878134,1
1981,MAY,0.25567963034270313,0.4443127962085307,0.6511254019292603,0.6942344045368625,0.27045075125208684,1
1982,MAY,0.34193299961494034,0.528436018957346,0.5225080385852088,0.5855387523629485,0.998330550918197,1
1983,MAY,0.11513284559106662,0.5758293838862558,0.5964630225080387,0.5401701323251418,0.3355592654424039,1
1984,MAY,0.18328840970350407,0.5876777251184837,0.5723472668810288,0.4536862003780717,0.330550918196995,1
1985,MAY,0.08432807085098191,0.7701421800947865,0.41318327974276525,0.29300567107750464,0.8313856427378965,1
1986,MAY,0.17096649980747017,0.84478672985782,0.6495176848874598,0.44376181474480125,0.4941569282136894,1
1987,MAY,0.15633423180592992,0.5118483412322274,0.7668810289389068,0.6181474480151232,0.7846410684474123,1
1988,MAY,0.123989218328841,0.7203791469194316,0.6655948553054658,0.4078449905482042,0.8898163606010017,1
1989,MAY,0.07778205621871391,0.683649289099526,0.7781350482315113,0.36672967863894135,0.6060100166944908,1
1990,MAY,0.13631112822487487,0.6054502369668247,0.8376205787781348,0.5127599243856333,0.26544240400667773,1
1991,MAY,0.20061609549480172,0.4609004739336493,0.6286173633440513,0.7022684310018903,0.4774624373956594,1
1992,MAY,0.12822487485560263,0.6374407582938386,0.5241157556270093,0.4546313799621928,0.8831385642737897,1
1993,MAY,0.2968810165575665,0.6469194312796209,0.8810289389067518,0.685727788279773,0.7161936560934892,1
1994,MAY,0.04004620716211014,0.7997630331753554,0.6800643086816718,0.3733459357277882,0.71118530884808,1
1995,MAY,0.20754716981132076,0.6137440758293837,0.7395498392282958,0.5888468809073721,0.5091819699499165,1
1996,MAY,0.17597227570273394,0.6599526066350712,0.8681672025723473,0.5349716446124764,0.1752921535893155,1
1997,MAY,0.2495186753946862,0.5734597156398102,0.6286173633440513,0.6403591682419663,0.8514190317195325,1
1998,MAY,0.24566807855217562,0.9218009478672986,0.7636655948553057,0.4314744801512287,0.7328881469115192,1
1999,MAY,0.2918752406623027,0.2902843601895735,0.7041800643086817,0.7646502835538751,0.43405676126878134,2
2000,MAY,0.25144397381594147,0.47156398104265396,0.7668810289389068,0.6833648393194709,0.5642737896494157,1
2001,MAY,0.1921447824412784,0.6599526066350712,0.7073954983922828,0.5127599243856333,0.5158597662771285,1
2002,MAY,0.40007701193685025,0.35781990521327023,0.7073954983922828,0.8161625708884683,0.8480801335559265,3
2003,MAY,0.35001925298421255,0.6078199052132702,0.6366559485530547,0.8100189035916818,0.4741235392320534,2
2004,MAY,0.2803234501347709,0.41113744075829395,0.8922829581993568,0.7793005671077502,0.11185308848080133,2
2005,MAY,0.21717366191759724,0.5094786729857823,0.8070739549839228,0.7670132325141772,0.8881469115191987,1
2006,MAY,0.28994994224104736,0.45497630331753536,0.5176848874598072,0.7263705103969755,0.09682804674457424,1
2007,MAY,0.3353869849826724,0.4526066350710902,0.8504823151125402,0.799621928166351,0.12020033388981632,2
2008,MAY,0.25298421255294573,0.5130331753554507,0.5659163987138263,0.6550094517958414,0.981636060100167,1
2009,MAY,0.19484020023103582,0.5604265402843605,0.7813504823151127,0.5822306238185257,0.6160267111853088,1
2010,MAY,0.28571428571428575,0.42654028436018976,0.9083601286173633,0.7915879017013223,0.008347245409014992,2
2011,MAY,0.12013862148633041,0.7440758293838865,0.6270096463022508,0.3553875236294899,0.6928213689482472,1
2012,MAY,0.16326530612244897,0.546208530805687,0.7491961414790993,0.6361058601134211,0.8697829716193657,1
2013,MAY,0.2703118983442434,0.588862559241706,0.06591639871382626,0.6545368620037806,0.2838063439065108,1
2014,MAY,0.215633423180593,0.4774881516587679,0.6028938906752412,0.6403591682419663,0.7813021702838063,1
2015,MAY,0.3142087023488641,0.4135071090047391,0.41800643086816724,0.7424385633270321,0.6310517529215358,3
2016,MAY,0.20947246823257606,0.7630331753554502,0.6655948553054658,0.5562381852551983,0.6911519198664442,1
2017,MAY,0.7085098190219485,0.4431279620853079,0.8665594855305463,0.9258034026465021,0.9599332220367278,3
2018,MAY,0.3943011166730844,0.4620853080568721,0.5498392282958198,0.7263705103969755,0.7212020033388982,3
2019,MAY,0.5190604543704275,0.5213270142180093,0.9131832797427653,0.8577504725897915,0.3121869782971619,2
2020,MAY,0.29803619561031963,0.5521327014218009,0.8504823151125402,0.7268431001890354,0.642737896494157,1
2021,MAY,0.3966114747785907,0.44194312796208557,0.6479099678456588,0.8388468809073721,0.25876460767946574,2
2022,MAY,0.3299961494031575,0.44075829383886234,0.6913183279742763,0.8166351606805291,0.315525876460768,2
2023,MAY,0.2860993453985368,0.5983412322274884,0.8151125401929258,0.5760869565217392,0.07178631051752926,1
2024,MAY,0.9742010011551792,0.6706161137440758,0.7781350482315113,0.6729678638941401,0.669449081803005,3
1981,JUN,0.45591066615325376,0.27725118483412325,0.48231511254019277,0.8983931947069941,0.45409015025041743,2
1982,JUN,0.1116673084328071,0.42654028436018976,0.5659163987138263,0.7537807183364835,0.3522537562604341,2
1983,JUN,0.17674239507123607,0.46445497630331767,0.6720257234726688,0.6427221172022684,0.9065108514190316,1
1984,JUN,0.22179437812860997,0.28672985781990556,0.38263665594855323,0.7603969754253308,0.07345575959933226,2
1985,JUN,0.3080477474008471,0.359004739336493,0.4726688102893888,0.7230623818525519,0.5926544240400666,3
1986,JUN,0.30612244897959184,0.4372037914691944,0.6302250803858518,0.7188090737240076,0.3288814691151921,1
1987,JUN,0.17982287254524454,0.4798578199052135,0.4051446945337618,0.6086956521739131,0.39398998330550916,1
1988,JUN,0.1024258760107817,0.580568720379147,0.5771704180064308,0.5576559546313797,0.22871452420701166,1
1989,JUN,0.20600693107431653,0.42890995260663534,0.5980707395498392,0.6474480151228734,0.5976627712854758,3
1990,JUN,0.1732768579129765,0.5,0.7186495176848873,0.6942344045368625,0.11018363939899833,1
1991,JUN,0.1624951867539469,0.3696682464454977,0.5209003215434083,0.7211720226843097,0.27045075125208684,2
1992,JUN,0.10088563727377746,0.6824644549763037,0.7990353697749197,0.5699432892249527,0.1419031719532554,1
1993,JUN,0.1659607239122064,0.24407582938388606,0.8118971061093243,0.8525519848771266,0.23205342237061777,2
1994,JUN,0.09433962264150945,0.5758293838862558,0.7540192926045013,0.5382797731568996,0.5525876460767947,1
1995,JUN,0.22564497497112054,0.4158767772511851,0.7524115755627012,0.8284499054820413,0.4691151919866444,2
1996,JUN,0.10050057758952638,0.3732227488151656,0.6832797427652733,0.7481096408317578,0.4808013355592654,2
1997,JUN,0.30612244897959184,0.520142180094787,0.44694533762057875,0.8752362948960304,0.9148580968280469,1
1998,JUN,0.2826338082402773,0.39336492890995256,0.9131832797427653,0.831758034026465,0.7328881469115192,3
1999,JUN,0.34077782056218714,0.2452606635071093,0.5659163987138263,0.8969754253308126,0.20033388981636058,2
2000,JUN,0.32961108971890646,0.2689573459715642,0.44694533762057875,0.8794896030245747,0.5358931552587645,3
2001,JUN,0.26800154023873707,0.2345971563981042,0.7540192926045013,0.8256143667296785,0.26544240400667773,2
2002,JUN,0.26068540623796693,0.29265402843601906,0.8617363344051447,0.8653119092627595,0.4824707846410685,2
2003,JUN,0.1601848286484405,0.2748815165876777,0.7266881028938907,0.8889413988657839,0.27378964941569284,2
2004,JUN,0.15979976896418946,0.36018957345971536,0.6607717041800643,0.8331758034026464,0.2904841402337228,2
2005,JUN,0.3176742395071236,0.4241706161137442,0.8794212218649518,0.9470699432892244,0.8013355592654423,3
2006,JUN,0.22140931844435888,0.2879146919431279,0.7170418006430863,0.871455576559546,0.12353923205342232,2
2007,JUN,0.2129380053908356,0.35426540284360186,0.7459807073954983,0.8426275992438566,0.23205342237061777,2
2008,JUN,0.33692722371967654,0.3080568720379149,0.8424437299035368,0.893667296786389,0.26043405676126885,2
2009,JUN,0.26877165960723914,0.3281990521327014,0.8070739549839228,0.8516068052930059,0.10350584307178634,2
2010,JUN,0.2345013477088949,0.42535545023696697,0.6414790996784563,0.7835538752362945,0.35559265442404,2
2011,JUN,0.29765113592606857,0.5189573459715637,0.8633440514469453,0.7008506616257089,0.7545909849749584,1
2012,JUN,0.20061609549480172,0.4277251184834121,0.6591639871382633,0.7452741020793949,0.9432387312186978,3
2013,JUN,0.3750481324605314,0.2879146919431279,0.6864951768488747,0.8983931947069941,0.21368948247078468,2
2014,JUN,0.31382364266461305,0.3744075829383888,0.5948553054662378,0.8610586011342152,0.04173622704507507,2
2015,JUN,0.34424335772044673,0.43957345971564,0.9469453376205783,0.903591682419659,0.5876460767946579,3
2016,JUN,0.41393916056988833,0.40876777251184837,0.6688102893890673,0.8558601134215502,0.10016694490818023,2
2017,JUN,0.41817481709665005,0.3436018957345972,0.7990353697749197,0.8974480151228734,0.9398998330550918,3
2018,JUN,0.45591066615325376,0.34123222748815163,0.39710610932475876,0.915879017013232,0.4641068447412354,2
2019,JUN,0.32768579129765113,0.34834123222748836,0.8151125401929258,0.8629489603024574,0.308848080133556,2
2020,JUN,0.5244512899499423,0.3613744075829386,0.5852090032154342,0.8572778827977308,0.7646076794657763,3
2021,JUN,0.37889872930304197,0.3127962085308056,0.5064308681672027,0.8322306238185257,0.05509181969949917,2
2022,JUN,0.6137851366961881,0.3992890995260665,0.5434083601286173,0.9272211720226835,0.013355592654423987,2
2023,JUN,0.37312283403927615,0.4763033175355451,0.6254019292604502,0.8128544423440447,0.8096828046744575,3
2024,JUN,0.985752791682711,0.3992890995260665,0.9308681672025723,0.9258034026465021,0.3656093489148581,2
1981,JUL,0.12783981517135157,0.20853080568720417,0.5209003215434083,0.8052930056710776,0.03505843071786319,2
1982,JUL,0.3238351944551406,0.14454976303317535,0.38424437299035374,0.8478260869565215,0.33889816360601,2
1983,JUL,0.20215633423180593,0.35426540284360186,0.5836012861736333,0.7537807183364835,0.7729549248747913,3
1984,JUL,0.18405852907200618,0.1872037914691944,0.3424437299035372,0.7920604914933831,0.03005008347245408,2
1985,JUL,0.20754716981132076,0.13625592417061583,0.34726688102893877,0.7764650283553873,0.7696160267111853,3
1986,JUL,0.17982287254524454,0.16943127962085303,0.4662379421221863,0.8218336483931941,0.5692821368948247,3
1987,JUL,0.14824797843665768,0.2345971563981042,0.5096463022508038,0.784499054820416,0.38898163606010017,2
1988,JUL,0.11705814401232192,0.43364928909952605,0.48231511254019277,0.6814744801512287,0.22704507512520866,2
1989,JUL,0.11551790527531769,0.3092417061611372,0.4340836012861733,0.7211720226843097,0.4674457429048413,2
1990,JUL,0.11243742780130922,0.3436018957345972,0.4999999999999998,0.7103024574669181,0.6110183639398998,3
1991,JUL,0.15864458991143626,0.2594786729857823,0.37138263665594873,0.7594517958412093,0.6978297161936562,3
1992,JUL,0.22911051212938005,0.25710900473933673,0.47909967845659174,0.8312854442344042,0.9449081803005008,3
1993,JUL,0.09664998074701579,0.21682464454976325,0.7154340836012862,0.7878071833648388,0.994991652754591,3
1994,JUL,0.13708124759337698,0.27014218009478697,0.7668810289389068,0.7084120982986768,0.40901502504173626,2
1995,JUL,0.12167886022333464,0.3376777251184837,0.4662379421221863,0.7462192816635156,0.8080133555926543,3
1996,JUL,0.0920292645360031,0.34123222748815163,0.6221864951768488,0.6994328922495274,0.7178631051752922,3
1997,JUL,0.16326530612244897,0.2109004739336493,0.8520900321543403,0.8459357277882793,0.3055091819699499,2
1998,JUL,0.4012321909896034,0.29857819905213256,0.6945337620578773,0.8894139886578447,0.07512520868113526,2
1999,JUL,0.22063919907585677,0.17535545023696697,0.5160771704180063,0.8861058601134211,0.7212020033388982,3
2000,JUL,0.25298421255294573,0.14218009478672977,0.6864951768488747,0.8620037807183367,0.8497495826377295,3
2001,JUL,0.17404697728147864,0.2582938388625591,0.4212218649517683,0.7982041587901696,0.20367278797996669,2
2002,JUL,0.44012321909896035,0.15876777251184837,0.7186495176848873,0.9692816635160675,0.016694490818029983,2
2003,JUL,0.17635733538698498,0.27251184834123254,0.6382636655948553,0.8577504725897915,0.10684474123539234,2
2004,JUL,0.18213323065075088,0.23578199052132698,0.5305466237942122,0.8270321361058599,0.6243739565943238,3
2005,JUL,0.25452445128994994,0.419431279620853,0.7845659163987138,0.8648393194706996,0.2904841402337228,2
2006,JUL,0.3584905660377359,0.25592417061611394,0.5418006430868163,0.930529300567108,0.08681135225375625,2
2007,JUL,0.24258760107816715,0.21682464454976325,0.5787781350482313,0.8534971644612472,0.5108514190317195,3
2008,JUL,0.287639584135541,0.17654028436018931,0.6366559485530547,0.9102079395085063,0.3706176961602672,2
2009,JUL,0.3257604928763959,0.3364928909952605,0.7990353697749197,0.8492438563327029,0.4524207011686143,2
2010,JUL,0.2587601078167116,0.32464454976303303,0.6366559485530547,0.7930056710775046,0.7946577629382303,3
2011,JUL,0.2737774355025029,0.30094786729857814,0.49196141479099675,0.831758034026465,1.0,3
2012,JUL,0.4520600693107432,0.24407582938388606,0.5064308681672027,0.876181474480151,0.3639398998330552,2
2013,JUL,0.19060454370427415,0.19075829383886234,0.5546623794212218,0.8894139886578447,0.43071786310517524,2
2014,JUL,0.5175202156334233,0.2511848341232228,0.8536977491961413,0.9362003780718329,0.7328881469115192,3
2015,JUL,0.30458221024258764,0.29383886255924185,0.7765273311897103,0.8955576559546312,0.7762938230383973,3
2016,JUL,0.3192144782441279,0.22037914691943117,0.6800643086816718,0.8279773156899806,0.5392320534223707,3
2017,JUL,0.35656526761648055,0.2345971563981042,0.7524115755627012,0.908317580340265,0.44574290484140233,2
2018,JUL,0.6345783596457452,0.2594786729857823,0.6913183279742763,0.9314744801512287,0.06844741235392315,2
2019,JUL,0.24027724297266076,0.3400473933649293,0.6945337620578773,0.8393194706994329,0.4991652754590985,3
2020,JUL,0.26800154023873707,0.28554502369668233,0.34565916398713825,0.8327032136105856,0.3706176961602672,2
2021,JUL,0.3800539083557952,0.3045023696682465,0.6929260450160772,0.8563327032136101,0.21035058430717857,2
2022,JUL,0.2853292260300347,0.2748815165876777,0.7025723472668808,0.8898865784499055,0.5859766277128546,3
2023,JUL,0.3634963419329997,0.35663507109004744,0.7990353697749197,0.8733459357277882,0.7712854757929883,3
2024,JUL,0.6692337312283404,0.33886255924170605,0.7926045016077172,0.9347826086956514,0.38898163606010017,2
1981,AUG,0.37081247593376976,0.37677725118483396,0.5819935691318328,0.8175803402646507,0.21535893155258767,2
1982,AUG,0.18713900654601465,0.2215639810426544,0.46784565916398724,0.8298676748582228,0.4590984974958263,2
1983,AUG,0.21717366191759724,0.23933649289099534,0.4549839228295818,0.7547258979206051,0.015025041736227096,2
1984,AUG,0.25144397381594147,0.19194312796208557,0.5160771704180063,0.8062381852551983,0.7896494156928213,3
1985,AUG,0.16519060454370427,0.2334123222748814,0.18649517684887473,0.7826086956521738,0.28881469115191993,2
1986,AUG,0.3103581055063535,0.23222748815165906,0.5096463022508038,0.7811909262759915,0.5342237061769617,3
1987,AUG,0.18675394686176358,0.21682464454976325,0.5514469453376203,0.7977315689981097,0.7278797996661102,3
1988,AUG,0.1998459761262996,0.25355450236966837,0.5691318327974277,0.8005671077504726,0.7061769616026712,3
1989,AUG,0.1509433962264151,0.3293838862559242,0.5787781350482313,0.6252362948960304,0.23205342237061777,2
1990,AUG,0.21601848286484407,0.264218009478673,0.45337620578778126,0.7414933837429114,0.44574290484140233,2
1991,AUG,0.07932229495571815,0.2831753554502372,0.4453376205787778,0.6937618147448017,0.5575959933222037,3
1992,AUG,0.14285714285714285,0.23578199052132698,0.6913183279742763,0.7982041587901696,0.1652754590984975,2
1993,AUG,0.15055833654216405,0.20260663507109022,0.7443729903536977,0.8270321361058599,0.13522537562604342,2
1994,AUG,0.10473623411628805,0.3376777251184837,0.6286173633440513,0.6739130434782608,0.7412353923205341,3
1995,AUG,0.2757027339237582,0.3234597156398107,0.8086816720257233,0.8908317580340261,0.42404006677796324,2
1996,AUG,0.09125914516750099,0.4822274881516586,0.47909967845659174,0.5827032136105865,0.689482470784641,1
1997,AUG,0.2279553330766269,0.3909952606635074,0.7282958199356913,0.8171077504725899,0.8013355592654423,3
1998,AUG,0.3423180592991914,0.20379146919431257,0.5450160771704178,0.9276937618147443,0.6393989983305508,3
1999,AUG,0.40893338467462464,0.2736966824644549,0.5241157556270093,0.8917769376181468,0.5509181969949917,3
2000,AUG,0.26992683865999234,0.1267772511848344,0.5337620578778133,0.8941398865784498,0.39565943238731216,2
2001,AUG,0.20292645360030806,0.3530805687203791,0.7524115755627012,0.888468809073724,0.7195325542570952,3
2002,AUG,0.3604158644589912,0.20023696682464465,0.47909967845659174,0.9191871455576557,0.3923205342237063,2
2003,AUG,0.14324220254139394,0.28436018957345954,0.6543408360128617,0.8364839319470692,0.10183639398998334,2
2004,AUG,0.1678860223334617,0.3199052132701423,0.8231511254019288,0.8251417769376177,0.38397328881469106,2
2005,AUG,0.2664613015017328,0.24407582938388606,0.7459807073954983,0.8979206049149333,0.06176961602671116,2
2006,AUG,0.1855987678090104,0.25592417061611394,0.7411575562700967,0.8388468809073721,0.20534223706176968,2
2007,AUG,0.2268001540238737,0.24881516587677766,0.6929260450160772,0.8501890359168236,0.5642737896494157,3
2008,AUG,0.37889872930304197,0.2511848341232228,0.7797427652733118,0.8648393194706996,0.44574290484140233,2
2009,AUG,0.2383519445514055,0.3293838862559242,0.6495176848874598,0.831758034026465,0.1769616026711186,2
2010,AUG,0.228725452445129,0.3755924170616116,0.8279742765273312,0.8799621928166346,0.22036727879799667,2
2011,AUG,0.25953022718521374,0.3755924170616116,0.7073954983922828,0.7372400756143662,0.5859766277128546,3
2012,AUG,0.2914901809780516,0.39573459715639814,0.42926045016077174,0.7821361058601131,0.13522537562604342,2
2013,AUG,0.15440893338467465,0.3080568720379149,0.5192926045016077,0.8081285444234405,0.9933222036727882,3
2014,AUG,0.37312283403927615,0.3234597156398107,0.5498392282958198,0.8369565217391299,0.1853088480801336,2
2015,AUG,0.20716211012706973,0.3696682464454977,0.6848874598070738,0.8180529300567105,0.5509181969949917,3
2016,AUG,0.3242202541393916,0.35426540284360186,0.7733118971061093,0.8327032136105856,0.5308848080133557,3
2017,AUG,0.31805929919137466,0.41113744075829395,0.5932475884244373,0.8175803402646507,0.10350584307178634,2
2018,AUG,0.353099730458221,0.29265402843601906,0.6623794212218648,0.8700378071833645,0.23706176961602665,2
2019,AUG,0.31882941855987684,0.34123222748815163,0.7700964630225082,0.8468809073724,0.7762938230383973,3
2020,AUG,0.30073161340007704,0.4620853080568721,0.49035369774919624,0.8345935727788278,0.5626043405676127,1
2021,AUG,0.47708894878706204,0.20734597156398094,0.5948553054662378,0.8464083175803401,0.5742904841402336,3
2022,AUG,0.23604158644589915,0.34123222748815163,0.5385852090032153,0.7849716446124768,0.325542570951586,2
2023,AUG,0.287639584135541,0.46682464454976325,0.8553054662379418,0.8279773156899806,0.5041736227045075,1
2024,AUG,0.2495186753946862,0.3613744075829386,0.8617363344051447,0.8034026465028345,0.3071786310517529,2
1981,SEP,0.3469387755102041,0.3080568720379149,0.4549839228295818,0.8227788279773156,0.7696160267111853,3
1982,SEP,0.2241047362341163,0.2286729857819907,0.6398713826366558,0.8379017013232506,0.348914858096828,2
1983,SEP,0.19445514054678478,0.31516587677725116,0.30707395498392276,0.7003780718336481,0.6126878130217028,3
1984,SEP,0.22371967654986524,0.22393364928909953,0.5305466237942122,0.8558601134215502,0.07846410684474125,2
1985,SEP,0.1671159029649596,0.3234597156398107,0.47588424437299026,0.7046313799621924,0.06176961602671116,2
1986,SEP,0.21986907970735467,0.3045023696682465,0.4662379421221863,0.824196597353497,0.971619365609349,3
1987,SEP,0.12475933769734308,0.3909952606635074,0.3649517684887458,0.7093572778827975,0.9732888146911518,3
1988,SEP,0.24643819792067773,0.27014218009478697,0.5675241157556268,0.866257088846881,0.41569282136894825,2
1989,SEP,0.19445514054678478,0.2713270142180093,0.4051446945337618,0.7863894139886574,0.7979966611018363,3
1990,SEP,0.13515594917212168,0.3234597156398107,0.6237942122186497,0.7287334593572776,0.8914858096828047,3
1991,SEP,0.1182133230650751,0.31042654028436045,0.7202572347266878,0.7027410207939502,0.9749582637729548,3
1992,SEP,0.11898344243357721,0.29383886255924185,0.5659163987138263,0.7778827977315688,0.8046744574290485,3
1993,SEP,0.2733923758182519,0.21327014218009488,0.6752411575562702,0.8511342155009451,0.9081803005008346,3
1994,SEP,0.11089718906430499,0.4063981042654028,0.6286173633440513,0.6791115311909257,0.13689482470784642,2
1995,SEP,0.17558721601848287,0.20142180094786744,0.6848874598070738,0.9092627599243857,0.4707846410684474,2
1996,SEP,0.10127069695802851,0.4561611374407586,0.5546623794212218,0.6677693761814743,0.24040066777963276,1
1997,SEP,0.2934154793993069,0.31516587677725116,0.5852090032154342,0.8506616257088844,0.7479131886477464,3
1998,SEP,0.21794378128609934,0.3400473933649293,0.6929260450160772,0.8624763705103966,0.20367278797996669,2
1999,SEP,0.34924913361571047,0.14218009478672977,0.7620578778135048,0.9546313799621924,0.8213689482470785,3
2000,SEP,0.2441278398151714,0.21682464454976325,0.6913183279742763,0.8950850661625704,0.5642737896494157,3
2001,SEP,0.19946091644204852,0.24881516587677766,0.6929260450160772,0.8544423440453688,0.6193656093489148,3
2002,SEP,0.21832884097035044,0.20379146919431257,0.5948553054662378,0.8705103969754244,0.3589315525876461,2
2003,SEP,0.1135926068540624,0.33412322274881534,0.5144694533762058,0.7783553875236295,0.43739565943238734,2
2004,SEP,0.2656911821332307,0.34478672985782,0.5546623794212218,0.7835538752362945,0.9081803005008346,3
2005,SEP,0.39507123604158645,0.3068720379146921,0.7154340836012862,0.9688090737240067,0.1686143572621034,2
2006,SEP,0.20061609549480172,0.3732227488151656,0.6318327974276527,0.7807183364839316,0.41736227045075125,2
2007,SEP,0.2229495571813631,0.3056872037914693,0.6591639871382633,0.8511342155009451,0.38564273789649417,2
2008,SEP,0.26684636118598387,0.38388625592417025,0.47106109324758827,0.8086011342155013,0.347245409015025,2
2009,SEP,0.1405467847516365,0.43483412322274884,0.7122186495176852,0.7306238185255198,0.1419031719532554,1
2010,SEP,0.5564112437427802,0.20023696682464465,0.8054662379421218,0.8766540642722118,0.20033388981636058,2
2011,SEP,0.21871390065460147,0.26303317535545023,0.6559485530546623,0.8038752362948953,0.8213689482470785,3
2012,SEP,0.2495186753946862,0.34123222748815163,0.5450160771704178,0.7849716446124768,0.40734557595993326,2
2013,SEP,0.3076626877165961,0.3281990521327014,0.7282958199356913,0.8246691871455569,0.9098497495826379,3
2014,SEP,0.41047362341162885,0.2274881516587679,0.5659163987138263,0.8445179584120979,0.08848080133555924,2
2015,SEP,0.34770889487870626,0.359004739336493,0.6237942122186497,0.8832703213610582,0.11686143572621033,2
2016,SEP,0.25182903350019253,0.31042654028436045,0.6398713826366558,0.8152173913043477,0.1452420701168614,2
2017,SEP,0.49172121678860226,0.3815165876777251,0.5868167202572347,0.9144612476370506,0.649415692821369,3
2018,SEP,0.3373122834039276,0.3210900473933651,0.7620578778135048,0.8142722117202261,0.7595993322203671,3
2019,SEP,0.3765883711975357,0.36729857819905254,0.4774919614147912,0.8530245746691874,0.7712854757929883,3
2020,SEP,0.34116288024643826,0.32701421800947905,0.4662379421221863,0.7684310018903586,0.19198664440734559,2
2021,SEP,0.30535232961108977,0.36255924170616094,0.7700964630225082,0.8052930056710776,0.3355592654424039,2
2022,SEP,0.4166345783596458,0.35426540284360186,0.7990353697749197,0.8360113421550093,0.7762938230383973,3
2023,SEP,0.2268001540238737,0.4277251184834121,0.6398713826366558,0.7258979206049148,0.24874791318864775,2
2024,SEP,0.5040431266846361,0.43957345971564,0.9565916398713827,0.8369565217391299,0.9599332220367278,3
1981,OCT,0.24682325760492876,0.2286729857819907,0.27813504823151125,0.8596408317580337,0.1719532554257095,2
1982,OCT,0.2533692722371968,0.10189573459715628,0.27652733118971073,0.896030245746692,0.3706176961602672,2
1983,OCT,0.2868694647670389,0.19668246445497628,0.22990353697749177,0.8577504725897915,0.5575959933222037,3
1984,OCT,0.20331151328455913,0.20853080568720417,0.4742765273311893,0.8846880907372396,0.5008347245409015,3
1985,OCT,0.1386214863303812,0.3045023696682465,0.4276527331189708,0.6786389413988658,0.10517529215358934,2
1986,OCT,0.30920292645360037,0.2097156398104265,0.3601286173633438,0.8487712665406422,0.3138564273789649,2
1987,OCT,0.24990373507893726,0.2582938388625591,0.6109324758842443,0.8525519848771266,0.8380634390651085,3
1988,OCT,0.19060454370427415,0.21919431279620882,0.39549839228295824,0.7679584120982978,0.5208681135225375,3
1989,OCT,0.18097805159799768,0.2452606635071093,0.45819935691318325,0.7585066162570886,0.4741235392320534,2
1990,OCT,0.22911051212938005,0.330568720379147,0.5787781350482313,0.8459357277882793,0.7278797996661102,3
1991,OCT,0.22140931844435888,0.2594786729857823,0.4951768488745978,0.7414933837429114,0.7679465776293823,3
1992,OCT,0.12090874085483252,0.28672985781990556,0.4437299035369773,0.8397920604914937,0.28714524207011694,2
1993,OCT,0.08740854832499038,0.26066350710900466,0.5916398713826363,0.8412098298676751,0.5876460767946579,3
1994,OCT,0.15710435117443203,0.37203791469194325,0.6511254019292603,0.7504725897920608,0.1669449081803005,2
1995,OCT,0.1624951867539469,0.28436018957345954,0.7990353697749197,0.9324196597353493,0.12687813021702843,2
1996,OCT,0.10666153253754333,0.31872037914691953,0.7765273311897103,0.7523629489603021,0.682804674457429,3
1997,OCT,0.33769734308817867,0.27962085308056883,0.8118971061093243,0.9423440453686203,0.25375626043405686,2
1998,OCT,0.43858298036195614,0.2263033175355451,0.9999999999999998,1.0,0.9632721202003338,3
1999,OCT,0.28455910666153256,0.13625592417061583,0.6704180064308682,0.9706994328922489,0.696160267111853,3
2000,OCT,0.17674239507123607,0.23222748815165906,0.5257234726688103,0.8709829867674852,0.8063439065108513,3
2001,OCT,0.274547554871005,0.26066350710900466,0.7524115755627012,0.9125708884688084,0.23539232053422365,2
2002,OCT,0.215633423180593,0.20379146919431257,0.6350482315112538,0.9499054820415873,0.7696160267111853,3
2003,OCT,0.22949557181363114,0.3080568720379149,0.8070739549839228,0.8842155009451798,0.27712854757929883,2
2004,OCT,0.18251829033500191,0.3827014218009479,0.6205787781350478,0.8303402646502835,0.7145242070116862,3
2005,OCT,0.4366576819407008,0.2654028436018958,0.9212218649517683,0.9943289224952734,0.8881469115191987,3
2006,OCT,0.1443973815941471,0.35781990521327023,0.6125401929260448,0.8251417769376177,0.28714524207011694,2
2007,OCT,0.33654216403542553,0.16469194312796231,0.5916398713826363,0.9409262759924388,0.6227045075125208,3
2008,OCT,0.3357720446669234,0.21919431279620882,0.8006430868167198,0.9593572778827975,0.1519198664440734,2
2009,OCT,0.2999614940315749,0.35426540284360186,0.6221864951768488,0.9229678638941392,0.22370617696160267,2
2010,OCT,0.19329996149403159,0.2334123222748814,0.6768488745980703,0.8620037807183367,0.9565943238731218,3
2011,OCT,0.5302271852137082,0.27725118483412325,0.5723472668810288,0.9503780718336481,0.42404006677796324,2
2012,OCT,0.2210242587601078,0.21682464454976325,0.5932475884244373,0.8336483931947063,0.7395659432387314,3
2013,OCT,0.32036965729688105,0.24881516587677766,0.5514469453376203,0.8846880907372396,0.26210350584307185,2
2014,OCT,0.3623411628802465,0.2973933649289102,0.6575562700964632,0.8988657844990549,0.6160267111853088,3
2015,OCT,0.3611859838274933,0.42535545023696697,0.8038585209003217,0.8516068052930059,0.642737896494157,3
2016,OCT,0.4251058914131691,0.3210900473933651,0.6334405144694533,0.9376181474480143,0.05175292153589317,2
2017,OCT,0.6915671929149019,0.3092417061611372,0.6977491961414792,0.8558601134215502,0.8714524207011687,3
2018,OCT,0.5051983057373893,0.3969194312796209,0.6688102893890673,0.8818525519848768,0.7762938230383973,3
2019,OCT,0.48093954562957264,0.2748815165876777,0.6623794212218648,0.9470699432892244,0.5225375626043405,3
2020,OCT,0.5209857527916828,0.3056872037914693,0.7331189710610932,0.901228733459357,0.19866444073455758,2
2021,OCT,0.2918752406623027,0.3329383886255921,0.7170418006430863,0.8275047258979207,0.4691151919866444,2
2022,OCT,0.34963419329996154,0.2594786729857823,0.6736334405144693,0.8572778827977308,0.5275459098497495,3
2023,OCT,0.4732383519445515,0.39573459715639814,0.8938906752411573,0.9097353497164455,0.676126878130217,3
2024,OCT,0.47631882941855996,0.40521327014218045,0.8922829581993568,0.9328922495274101,0.8063439065108513,3
1981,NOV,0.35271467077397,0.19431279620853115,0.45016077170418023,0.908317580340265,0.1853088480801336,2
1982,NOV,0.10358105506353486,0.17654028436018931,0.3536977491961413,0.7953686200378076,0.6143572621035058,3
1983,NOV,0.11513284559106662,0.1931279620853079,0.4887459807073957,0.8908317580340261,0.8046744574290485,3
1984,NOV,0.08663842895648827,0.07464454976303303,0.13344051446945326,0.7963137996219283,0.4924874791318865,2
1985,NOV,0.09164420485175204,0.21327014218009488,0.49035369774919624,0.7022684310018903,0.1602671118530885,2
1986,NOV,0.1725067385444744,0.16587677725118466,0.40192926045016075,0.8492438563327029,0.8848080133555927,3
1987,NOV,0.10011551790527534,0.23578199052132698,0.5964630225080387,0.7618147448015122,0.23873121869782976,2
1988,NOV,0.13361571043511747,0.2594786729857823,0.45016077170418023,0.7684310018903586,0.19365609348914858,2
1989,NOV,0.09279938390450522,0.2677725118483414,0.5434083601286173,0.8336483931947063,0.1853088480801336,2
1990,NOV,0.11744320369657298,0.16706161137440745,0.47909967845659174,0.8846880907372396,0.7228714524207012,3
1991,NOV,0.12360415864458993,0.22985781990521348,0.3038585209003217,0.7670132325141772,0.8848080133555927,3
1992,NOV,0.10396611474778593,0.2523696682464456,0.5707395498392283,0.7320415879017013,0.0,2
1993,NOV,0.04004620716211014,0.23222748815165906,0.5787781350482313,0.7159735349716447,0.09682804674457424,2
1994,NOV,0.13361571043511747,0.3518957345971563,0.47588424437299026,0.8180529300567105,0.8497495826377295,3
1995,NOV,0.09241432422025415,0.18957345971564,0.6446945337620578,0.7939508506616253,0.702838063439065,3
1996,NOV,0.14593762033115135,0.35663507109004744,0.4951768488745978,0.7372400756143662,0.025041736227045086,2
1997,NOV,0.16442048517520216,0.2902843601895735,0.7331189710610932,0.9499054820415873,0.9749582637729548,3
1998,NOV,0.18790912591451678,0.21919431279620882,0.46302250803858525,0.9144612476370506,0.8781302170283805,3
1999,NOV,0.19098960338852525,0.21327014218009488,0.5562700964630227,0.8724007561436666,0.7696160267111853,3
2000,NOV,0.1848286484405083,0.2334123222748814,0.3762057877813503,0.8289224952741021,0.2938230383973288,2
2001,NOV,0.24990373507893726,0.2594786729857823,0.39067524115755625,0.9144612476370506,0.6093489148580968,3
2002,NOV,0.3685021178282634,0.1718009478672986,0.5659163987138263,0.8931947069943282,0.10517529215358934,2
2003,NOV,0.21948402002310358,0.21563981042654046,0.6173633440514468,0.9527410207939511,0.18864774624373948,2
2004,NOV,0.44243357720446674,0.3033175355450237,0.20900321543408373,0.9050094517958405,0.6243739565943238,3
2005,NOV,0.28648440508278783,0.19905213270142186,0.4067524115755623,0.9234404536862,0.6143572621035058,3
2006,NOV,0.20331151328455913,0.22393364928909953,0.3488745980707393,0.9234404536862,0.8998330550918197,3
2007,NOV,0.5105891413169041,0.11374407582938417,0.6270096463022508,0.9839319470699426,0.24707846410684475,2
2008,NOV,0.25991528686946475,0.21445497630331722,0.49356913183279727,0.9163516068052928,0.7161936560934892,3
2009,NOV,0.18521370812475935,0.16943127962085303,0.5787781350482313,0.8771266540642717,0.9565943238731218,3
2010,NOV,0.47785906815556417,0.16706161137440745,0.3778135048231508,0.8965028355387528,0.4574290484140233,2
2011,NOV,0.2691567192914902,0.15165876777251208,0.5434083601286173,0.8794896030245747,0.05175292153589317,2
2012,NOV,0.2772429726607624,0.20734597156398094,0.6639871382636657,0.9087901701323249,0.06677796327212027,2
2013,NOV,0.3184443588756257,0.2547393364928907,0.34405144694533774,0.8336483931947063,0.24040066777963276,2
2014,NOV,0.2918752406623027,0.2654028436018958,0.5691318327974277,0.9319470699432895,0.24040066777963276,2
2015,NOV,0.33384674624566807,0.2831753554502372,0.7009646302250803,0.9163516068052928,0.8280467445742905,3
2016,NOV,0.4932614555256065,0.2713270142180093,0.5803858520900318,0.9607750472589789,0.23038397328881466,2
2017,NOV,0.20716211012706973,0.2831753554502372,0.5980707395498392,0.8865784499054818,0.5225375626043405,3
2018,NOV,0.1998459761262996,0.27843601895734604,0.5546623794212218,0.8478260869565215,0.8096828046744575,3
2019,NOV,0.38197920677705044,0.21682464454976325,0.3649517684887458,0.8620037807183367,0.348914858096828,2
2020,NOV,0.6222564497497113,0.3376777251184837,0.7459807073954983,0.9073724007561434,0.9215358931552586,3
2021,NOV,0.156719291490181,0.3080568720379149,0.45980707395498377,0.8038752362948953,0.8414023372287147,3
2022,NOV,0.4381979206777051,0.2760663507109009,0.5498392282958198,0.9286389413988658,0.4607679465776293,2
2023,NOV,0.37697343088178675,0.32701421800947905,0.7636655948553057,0.9664461247637046,0.15025041736227052,2
2024,NOV,1.0,0.2511848341232228,0.6945337620578773,0.9792060491493384,0.3722871452420702,2
1981,DEC,0.16326530612244897,0.10426540284360186,0.46945337620578775,0.8355387523629485,0.09015025041736224,2
1982,DEC,0.13746630727762804,0.19905213270142186,0.39228295819935677,0.8100189035916818,0.01001669449081799,2
1983,DEC,0.1266846361185984,0.10071090047393394,0.38424437299035374,0.8520793950850658,0.657762938230384,3
1984,DEC,0.07662687716596073,0.020142180094786966,0.5434083601286173,0.7528355387523629,0.7045075125208682,1
1985,DEC,0.07739699653446284,0.19075829383886234,0.2926045016077172,0.6984877126654059,0.27378964941569284,2
1986,DEC,0.14670773969965345,0.11848341232227488,0.2202572347266878,0.7901701323251418,0.3923205342237063,2
1987,DEC,0.06045437042741626,0.28554502369668233,0.4742765273311893,0.6880907372400751,0.3071786310517529,2
1988,DEC,0.0431266846361186,0.08649289099526092,0.6446945337620578,0.6899810964083173,0.317195325542571,2
1989,DEC,0.08201771274547556,0.16113744075829395,0.30225080385852077,0.6984877126654059,0.6160267111853088,3
1990,DEC,0.08586830958798615,0.22037914691943117,0.5337620578778133,0.7608695652173916,0.015025041736227096,2
1991,DEC,0.07470157874470544,0.22511848341232232,0.46302250803858525,0.6937618147448017,0.7545909849749584,3
1992,DEC,0.03465537158259531,0.2274881516587679,0.4774919614147912,0.5931001890359173,0.04340567612687818,2
1993,DEC,0.04851752021563343,0.17772511848341255,0.5594855305466238,0.5808128544423443,0.4691151919866444,2
1994,DEC,0.03812090874085484,0.21563981042654046,0.24919614147909974,0.5652173913043477,0.8096828046744575,1
1995,DEC,0.025028879476318835,0.2345971563981042,0.4340836012861733,0.6672967863894135,0.664440734557596,3
1996,DEC,0.08894878706199462,0.09834123222748836,0.5803858520900318,0.626181474480151,0.1702838063439066,2
1997,DEC,0.07893723527146708,0.1718009478672986,0.3488745980707393,0.7466918714555764,0.3288814691151921,2
1998,DEC,0.33423180592991913,0.08530805687203769,0.7250803858520898,0.9508506616257089,0.41736227045075125,2
1999,DEC,0.3303812090874086,0.005924170616113944,0.4453376205787778,0.9291115311909257,0.3606010016694491,2
2000,DEC,0.10165575664227958,0.09597156398104278,0.31350482315112527,0.8142722117202261,0.13689482470784642,2
2001,DEC,0.08586830958798615,0.18483412322274884,0.42926045016077174,0.824196597353497,0.9916527545909848,3
2002,DEC,0.1601848286484405,0.10426540284360186,0.37942122186495175,0.8152173913043477,0.8948247078464107,3
2003,DEC,0.20138621486330383,0.08056872037914697,0.5225080385852088,0.893667296786389,0.64440734557596,3
2004,DEC,0.2052368117058144,0.1172985781990521,0.49035369774919624,0.8530245746691874,1.0,3
2005,DEC,0.07624181748170968,0.16824644549763068,0.08038585209003202,0.7509451795841207,0.21702838063439056,2
2006,DEC,0.2102425876010782,0.16587677725118466,0.6302250803858518,0.8719281663516067,0.39565943238731216,2
2007,DEC,0.41047362341162885,0.08412322274881534,0.13504823151125378,0.8544423440453688,0.5976627712854758,3
2008,DEC,0.09703504043126686,0.13862559241706185,0.47588424437299026,0.801984877126654,0.5826377295492489,3
2009,DEC,0.05467847516365037,0.2594786729857823,0.6752411575562702,0.767485822306238,0.8030050083472455,3
2010,DEC,0.2710820177127455,0.047393364928909776,0.2524115755627008,0.8256143667296785,0.21869782971619367,2
2011,DEC,0.22179437812860997,0.06279620853080603,0.6366559485530547,0.91351606805293,0.5258764607679467,1
2012,DEC,0.15710435117443203,0.21682464454976325,0.45980707395498377,0.8393194706994329,0.20534223706176968,2
2013,DEC,0.14978821717366192,0.13862559241706185,0.26688102893890675,0.8171077504725899,0.5075125208681135,3
2014,DEC,0.3912206391990759,0.18009478672985768,0.32958199356913176,0.9272211720226835,0.636060100166945,3
2015,DEC,0.1605698883326916,0.24763033175355442,0.6977491961414792,0.8478260869565215,0.20534223706176968,2
2016,DEC,0.21909896033885254,0.17535545023696697,0.5659163987138263,0.9319470699432895,0.06176961602671116,2
2017,DEC,0.19175972275702735,0.21563981042654046,0.47909967845659174,0.8742911153119088,0.325542570951586,2
2018,DEC,0.08009241432422026,0.1954976303317535,0.5932475884244373,0.7788279773156894,0.9482470784641068,3
2019,DEC,0.24335772044666926,0.16469194312796231,0.6543408360128617,0.8771266540642717,0.659432387312187,3
2020,DEC,0.41393916056988833,0.10900473933649302,0.26527331189710623,0.8766540642722118,0.8797996661101835,3
2021,DEC,0.1601848286484405,0.15165876777251208,0.7315112540192923,0.8643667296786388,0.66110183639399,3
2022,DEC,0.12976511359260687,0.09241706161137442,0.5707395498392283,0.8298676748582228,0.18196994991652748,2
2023,DEC,0.1855987678090104,0.27962085308056883,0.7652733118971058,0.8648393194706996,0.4858096828046744,2
2024,DEC,0.3030419715055834,0.15995260663507116,0.6913183279742763,0.9371455576559544,0.702838063439065,3
