lluvia_mm,temp_max,temp_min,humedad,ph_suelo,Recomendacion
0.1008856372737774,0.0663507109004739,0.3649517684887458,0.7310964083175806,0.6327212020033388,1
0.1262995764343473,0.1421800947867297,0.3376205787781348,0.7613421550094515,0.687813021702838,3
0.052368117058144,0.330568720379147,0.6157556270096463,0.7225897920604911,0.5208681135225375,3
0.0257989988448209,0.0402843601895734,0.1961414790996787,0.665879017013232,0.6310517529215358,1
0.0739314593762033,0.0130331753554502,0.3938906752411573,0.6446124763705097,0.8363939899833055,1
0.0966499807470157,0.0533175355450237,0.4517684887459807,0.6077504725897924,0.4808013355592654,2
0.0608394301116673,0.1018957345971562,0.3520900321543407,0.7192816635160684,0.0016694490818029,2
0.0962649210627647,0.2393364928909953,0.0755627009646302,0.5368620037807181,0.9482470784641068,1
0.0165575664227955,0.151658767772512,0.6012861736334403,0.5018903591682418,0.4808013355592654,2
0.0623796688486715,0.1907582938388623,0.5916398713826363,0.6134215500945173,0.2404006677796327,2
0.1182133230650751,0.1042654028436018,0.2395498392282957,0.6507561436672971,0.9198664440734556,3
0.0046207162110127,0.183649289099526,0.3713826366559487,0.4862948960302455,0.1853088480801336,2
0.0100115517905275,0.4585308056872037,0.4340836012861733,0.4163516068052928,0.4707846410684474,1
0.0,0.3317535545023697,0.4131832797427652,0.3279773156899814,0.1202003338898163,2
0.0053908355795148,0.3732227488151656,0.4083601286173632,0.3497164461247637,0.1385642737896494,2
0.0542934154793993,0.1706161137440762,0.3633440514469452,0.5954631379962194,0.1419031719532554,2
0.0766268771659607,0.1872037914691944,0.1221864951768487,0.4792060491493379,0.9632721202003338,1
0.000385059684251,0.3530805687203791,0.4067524115755623,0.5973534971644607,0.7262103505843072,1
0.0816326530612245,0.1030805687203795,0.3070739549839227,0.7783553875236295,0.330550918196995,2
0.1624951867539469,0.0770142180094786,0.4019292604501607,0.8067107750472591,0.7512520868113521,1
0.0858683095879861,0.0651658767772511,0.2636655948553053,0.6947069943289224,0.030050083472454,2
0.1405467847516365,0.1421800947867297,0.3295819935691317,0.7485822306238186,0.7045075125208682,3
0.0901039661147477,0.1587677725118483,0.4501607717041802,0.7637051039697544,0.4407345575959933,2
0.039661147477859,0.157582938388626,0.3826366559485532,0.6951795841209831,0.6143572621035058,3
0.2606854062379669,0.2393364928909953,0.4019292604501607,0.8719281663516067,0.2854757929883138,2
0.261455525606469,0.1528436018957344,0.3022508038585207,0.844045368620038,0.9582637729549248,3
0.1274547554871005,0.0805687203791469,0.7170418006430863,0.7807183364839316,0.5409015025041737,3
0.0947246823257605,0.0225118483412325,0.0739549839228297,0.7665406427221173,0.0901502504173622,2
0.0731613400077012,0.0296208530805688,0.5836012861736333,0.7438563327032135,0.7879799666110185,1
0.1852137081247593,0.2132701421800948,0.5080385852090032,0.7178638941398869,0.1001669449081802,2
0.1855987678090104,0.1172985781990521,0.4035369774919612,0.7547258979206051,0.1185308848080134,2
0.1628802464381979,0.0,0.4774919614147912,0.7637051039697544,0.2520868113522536,2
0.03273007316134,0.1244075829383888,0.4260450160771702,0.7027410207939502,0.4707846410684474,2
0.0889487870619946,0.074644549763033,0.3954983922829582,0.7613421550094515,0.2120200333889816,2
0.2129380053908356,0.0829383886255925,0.6045016077170418,0.8199432892249527,0.9148580968280468,3
0.0839430111667308,0.2381516587677725,0.4967845659163987,0.7292060491493384,0.1302170283806344,2
0.1644204851752021,0.157582938388626,0.4453376205787778,0.7641776937618143,0.1502504173622705,2
0.4555256064690027,0.0734597156398106,0.6045016077170418,0.955576559546314,0.7996661101836393,1
0.0273392375818251,0.3092417061611372,0.5160771704180063,0.6483931947069941,0.1435726210350584,2
0.1694262610704659,0.1883886255924172,0.6688102893890673,0.8350661625708877,0.3923205342237063,2
0.1251443973815941,0.1066350710900474,0.2684887459807072,0.8114366729678633,0.9916527545909848,3
0.0531382364266461,0.1445497630331753,0.5273311897106108,0.6899810964083173,0.664440734557596,3
0.0997304582210242,0.0556872037914693,0.4485530546623792,0.7977315689981097,0.1101836393989983,2
0.0412013862148633,0.2902843601895735,0.6446945337620578,0.7703213610586008,0.651085141903172,3
0.1270696958028494,0.1125592417061609,0.4437299035369773,0.7452741020793949,0.4991652754590985,3
0.1143627262225645,0.1457345971563981,0.3488745980707393,0.6460302457466911,0.1919866444073455,2
0.0026954177897574,0.6244075829383884,0.4726688102893888,0.4867674858223063,0.2370617696160266,1
0.0381209087408548,0.4040284360189572,0.2524115755627008,0.5737240075614363,0.8363939899833055,1
0.0150173276857913,0.1741706161137441,0.3022508038585207,0.456521739130435,0.5058430717863105,1
0.0142472083172891,0.3708530805687204,0.0,0.3270321361058599,0.953255425709516,1
0.0435117443203696,0.3139810426540284,0.5225080385852088,0.6394139886578447,0.5242070116861437,1
0.0315748941085868,0.5592417061611372,0.5466237942122187,0.4981096408317578,0.6076794657762938,1
0.0227185213708124,0.4348341232227488,0.4565916398713827,0.3549149338374291,0.7629382303839733,1
0.03273007316134,0.4040284360189572,0.4372990353697747,0.3690926275992434,0.2904841402337228,2
0.0508278783211397,0.3376777251184837,0.3906752411575562,0.4962192816635156,0.2370617696160266,2
0.0373507893723527,0.6990521327014219,0.3376205787781348,0.3279773156899814,0.342237061769616,1
0.0073161340007701,0.6007109004739335,0.4453376205787778,0.1696597353497164,0.2988313856427379,1
0.0103966114747785,0.5390995260663507,0.4501607717041802,0.2637051039697544,0.3355592654424039,1
0.0146322680015402,0.5533175355450237,0.3006430868167202,0.2263705103969755,0.2721202003338897,1
0.0577589526376588,0.3992890995260665,0.2411575562700962,0.4659735349716447,0.0116861435726211,2
0.0500577589526376,0.3637440758293842,0.5160771704180063,0.5033081285444232,0.7979966611018363,1
0.0111667308432807,0.7796208530805688,0.5932475884244373,0.3501890359168245,0.9766277128547578,1
0.1678860223334617,0.0699052132701423,0.3954983922829582,0.7325141776937611,0.3622704507512521,2
0.1120523681170581,0.0035545023696683,0.4340836012861733,0.7438563327032135,0.1636060100166945,2
0.0820177127454755,0.1113744075829386,0.4581993569131832,0.5845935727788278,0.2020033388981635,2
0.052368117058144,0.2073459715639809,0.4999999999999998,0.5954631379962194,0.657762938230384,1
0.0777820562187139,0.2701421800947869,0.4421221864951767,0.6587901701323249,0.4357262103505843,2
0.085098190219484,0.4431279620853079,0.3745980707395497,0.5987712665406422,0.6911519198664442,1
0.1609549480169426,0.3092417061611372,0.2861736334405143,0.7178638941398869,0.5525876460767947,3
0.0935695032730073,0.1611374407582939,0.4324758842443728,0.6895085066162565,0.696160267111853,3
0.0050057758952637,0.2962085308056874,0.3697749196141477,0.5018903591682418,0.0701168614357262,2
0.0777820562187139,0.1350710900473934,0.2717041800643087,0.6918714555765595,0.9115191986644408,3
0.1478629187524066,0.1101895734597158,0.3842443729903537,0.6885633270321359,0.5626043405676127,3
0.0877936080092414,0.3696682464454977,0.5257234726688103,0.6654064272211722,0.696160267111853,3
0.1671159029649596,0.1848341232227488,0.5225080385852088,0.7225897920604911,0.0751252086811352,2
0.052368117058144,0.0971563981042655,0.3215434083601287,0.6356332703213603,0.7161936560934892,1
0.0835579514824798,0.3364928909952605,0.4710610932475882,0.5827032136105865,0.5592654424040067,1
0.0693107431651906,0.3234597156398107,0.3585209003215432,0.6266540642722118,0.5692821368948247,1
0.1470927993839045,0.1812796208530809,0.5128617363344048,0.7585066162570886,0.6043405676126878,3
0.1594147092799384,0.3755924170616116,0.5498392282958198,0.7065217391304346,0.3372287145242071,2
0.0573738929534077,0.3175355450236967,0.4726688102893888,0.6573724007561434,0.8397328881469113,3
0.1282248748556026,0.028436018957346,0.4276527331189708,0.7542533081285443,0.7512520868113521,1
0.0577589526376588,0.6327014218009479,0.4774919614147912,0.3468809073724004,0.642737896494157,1
0.0974201001155179,0.2606635071090046,0.3279742765273312,0.7433837429111527,0.5826377295492489,3
0.0581440123219099,0.2476303317535544,0.5610932475884243,0.6890359168241966,0.996661101836394,3
0.0627647285329226,0.1872037914691944,0.0996784565916397,0.5080340264650278,0.7729549248747913,1
0.1193685021178282,0.2559241706161139,0.2588424437299033,0.7008506616257089,0.5943238731218699,3
0.1551790527531767,0.4063981042654028,0.3231511254019292,0.6687145557655949,0.9232053422370616,3
0.06546014632268,0.4751184834123223,0.1189710610932477,0.5808128544423443,0.1836393989983306,1
0.0512129380053908,0.3992890995260665,0.2845659163987137,0.4371455576559544,0.682804674457429,1
0.0350404312668463,0.8779620853080567,0.5273311897106108,0.2741020793950852,0.687813021702838,1
0.0223334616865614,0.6824644549763037,0.3456591639871382,0.2849716446124759,0.3906510851419031,1
0.0184828648440508,0.6872037914691944,0.3794212218649517,0.2292060491493384,0.69449081803005,1
0.0211782826338082,0.5971563981042651,0.0916398713826367,0.2523629489603025,0.971619365609349,1
0.0254139391605698,0.911137440758294,0.0257234726688102,0.2972589792060489,0.8797996661101835,1
0.0277242972660762,0.5758293838862558,0.4356913183279742,0.2840264650283552,0.0100166944908179,1
0.0123219098960338,0.5912322274881516,0.2234726688102892,0.1247637051039696,0.7779632721202003,1
0.0319599537928378,0.6433649289099526,0.0916398713826367,0.2887523629489608,0.7813021702838063,1
0.0057758952637658,0.6504739336492888,0.3569131832797427,0.1918714555765595,0.953255425709516,1
0.0150173276857913,0.7831753554502368,0.3006430868167202,0.1153119092627603,0.383973288814691,1
0.0284944166345783,0.6907582938388628,0.0418006430868167,0.2008506616257088,0.3439065108514191,1
0.0057758952637658,0.661137440758294,0.2379421221864952,0.0,0.981636060100167,1
0.0250288794763188,0.7085308056872037,0.2411575562700962,0.1342155009451797,0.7145242070116862,1
0.006546014632268,0.8317535545023698,0.2588424437299033,0.154536862003781,0.4040066777963271,1
0.0177127454755487,0.6528436018957349,0.3553054662379422,0.1606805293005671,0.629382303839733,1
0.0053908355795148,0.9419431279620852,0.6270096463022508,0.1138941398865789,0.7813021702838063,1
0.0519830573738929,0.2985781990521325,0.2781350482315112,0.5609640831758034,0.4707846410684474,2
0.0288794763188294,0.3921800947867297,0.4855305466237942,0.5425330812854439,0.0066777963272119,2
0.0477474008471313,0.7251184834123223,0.2524115755627008,0.3506616257088844,0.2404006677796327,1
0.0673854447439353,0.4668246445497632,0.4999999999999998,0.4692816635160679,0.8330550918196995,1
0.0531382364266461,0.7677725118483414,0.3874598070739548,0.3733459357277882,0.1435726210350584,1
0.1386214863303812,0.3495260663507107,0.7122186495176852,0.5850661625708886,0.9482470784641068,1
0.0619946091644204,0.3649289099526069,0.4581993569131832,0.5708884688090743,0.2003338898163605,2
0.1840585290720061,0.2677725118483414,0.4115755627009647,0.6431947069943291,0.1318864774624374,2
0.0727762803234501,0.5165876777251186,0.5530546623794212,0.4248582230623818,0.377295492487479,1
0.0431266846361186,0.2476303317535544,0.4131832797427652,0.5028355387523624,0.8113522537562605,1
0.2075471698113207,0.3376777251184837,0.3215434083601287,0.628544423440454,0.5926544240400666,1
0.1105121293800539,0.6078199052132702,0.4485530546623792,0.5009451795841211,0.96661101836394,1
0.0142472083172891,0.4940758293838865,0.2861736334405143,0.4683364839319472,0.1886477462437394,1
0.0939545629572583,0.4265402843601897,0.2813504823151123,0.5387523629489603,0.330550918196995,2
0.1463226800154023,0.683649289099526,0.4790996784565917,0.5236294896030249,0.954924874791319,1
0.0438968040046207,0.4502369668246446,0.4533762057877812,0.3568052930056713,0.4173622704507512,1
0.0978051597997689,0.3601895734597153,0.4389067524115757,0.613894139886578,0.7612687813021703,1
0.0385059684251058,0.7985781990521326,0.6221864951768488,0.3667296786389413,0.3672787979966611,1
0.1197535618020793,0.5639810426540288,0.4372990353697747,0.5132325141776941,0.7512520868113521,1
0.1259145167500962,0.3827014218009479,0.2781350482315112,0.6535916824196599,0.5225375626043405,3
0.1805929919137466,0.5296208530805684,0.5578778135048232,0.4900756143667295,0.5442404006677795,1
0.0308047747400847,0.4526066350710902,0.6125401929260448,0.4820415879017012,0.9649415692821368,1
0.1994609164420485,0.4206161137440758,0.2347266881028937,0.5775047258979207,0.654424040066778,1
0.2760877936080093,0.4751184834123223,0.3762057877813503,0.5486767485822313,0.659432387312187,1
0.1875240662302656,0.419431279620853,0.5418006430868163,0.6724952741020793,0.2437395659432386,2
0.0793222949557181,0.859004739336493,0.3681672025723472,0.4002835538752367,0.8146911519198663,1
0.2310358105506353,0.3613744075829386,0.6929260450160772,0.678166351606805,0.2988313856427379,2
0.1420870234886407,0.4881516587677725,0.3874598070739548,0.434310018903592,0.7712854757929883,1
0.144012321909896,0.9182464454976302,0.4967845659163987,0.1375236294896034,0.0884808013355592,1
0.1039661147477859,0.71563981042654,0.2700964630225078,0.164461247637051,0.2871452420701169,1
0.0315748941085868,0.7831753554502368,0.4742765273311893,0.1309073724007565,0.6994991652754592,1
0.0169426261070465,0.764218009478673,0.6929260450160772,0.246219281663516,0.951585976627713,1
0.1732768579129765,0.4348341232227488,0.4533762057877812,0.5959357277882802,0.682804674457429,1
0.0662302656911821,0.7725118483412321,0.5643086816720257,0.1734404536862004,0.8414023372287147,1
0.0142472083172891,0.6978672985781991,0.5289389067524117,0.1370510396975426,0.0751252086811352,1
0.0346553715825953,0.7464454976303316,0.2170418006430867,0.1592627599243856,0.8397328881469113,1
0.0308047747400847,0.9383886255924172,0.4308681672025722,0.1370510396975426,0.8614357262103505,1
0.0369657296881016,0.9893364928909952,0.5643086816720257,0.1729678638941401,0.4991652754590985,1
0.0600693107431652,0.8779620853080567,0.6334405144694533,0.1559546313799624,0.347245409015025,1
0.0412013862148633,0.75,0.4983922829581992,0.146030245746692,0.5075125208681135,1
0.0889487870619946,0.953791469194313,0.6704180064308682,0.3100189035916822,0.8247078464106845,1
0.0173276857912976,0.7239336492890995,0.5016077170418003,0.1342155009451797,0.0066777963272119,1
0.0735463996919522,0.7132701421800949,0.4115755627009647,0.0973534971644611,0.3939899833055091,1
0.0315748941085868,1.0,0.6704180064308682,0.148393194706994,0.4791318864774624,1
0.2179437812860993,0.4229857819905214,0.3038585209003217,0.5387523629489603,0.5959933222036728,1
0.1093569503273007,0.3720379146919432,0.4630225080385852,0.5411153119092624,0.4407345575959933,2
0.1101270696958028,0.5545023696682465,0.5980707395498392,0.4735349716446126,0.7979966611018363,1
0.091644204851752,0.3803317535545023,0.3987138263665593,0.3894139886578451,0.8948247078464107,1
0.111282248748556,0.6990521327014219,0.4565916398713827,0.3516068052930059,0.3889816360601001,1
0.0704659222179437,0.7310426540284363,0.5932475884244373,0.3804347826086958,0.4123539232053423,1
0.2610704659222179,0.4739336492890995,0.3971061093247587,0.5987712665406422,0.9766277128547578,1
0.0839430111667308,0.4739336492890995,0.4292604501607717,0.4905482041587903,0.681135225375626,1
0.1617250673854447,0.6682464454976302,0.4453376205787778,0.4815689981096409,0.2954924874791319,1
0.1913746630727763,0.3827014218009479,0.3890675241157557,0.5283553875236295,0.308848080133556,2
0.0608394301116673,0.4372037914691944,0.5369774919614148,0.4054820415879021,0.1302170283806344,1
0.1432422025413939,0.7511848341232228,0.4694533762057877,0.4423440453686202,0.621035058430718,1
0.0581440123219099,0.6552132701421804,0.3360128617363342,0.2972589792060489,0.2003338898163605,1
0.1366961879091259,0.5035545023696684,0.3681672025723472,0.4749527410207941,0.9916527545909848,1
0.1632653061224489,0.5438388625592419,0.5707395498392283,0.522211720226843,0.1235392320534223,1
0.2479784366576819,0.6706161137440758,0.5868167202572347,0.5562381852551983,0.1719532554257095,1
0.1478629187524066,0.640995260663507,0.4983922829581992,0.5737240075614363,0.3121869782971619,1
0.1174432036965729,0.7559241706161135,0.5916398713826363,0.341682419659735,0.7278797996661102,1
0.1990758567577975,0.6018957345971567,0.5755627009646302,0.594045368620038,0.9248747913188649,1
0.1871390065460146,0.3992890995260665,0.3938906752411573,0.655954631379962,0.7512520868113521,3
0.1821332306507508,0.7440758293838865,0.6961414790996783,0.4149338374291114,0.7362270450751252,1
0.2522140931844436,0.6161137440758293,0.5787781350482313,0.4740075614366725,0.5826377295492489,1
0.3742780130920293,0.4265402843601897,0.5498392282958198,0.7344045368620034,0.1752921535893155,2
0.3172891798228726,0.4751184834123223,0.6237942122186497,0.66351606805293,0.9115191986644408,3
0.1305352329611089,0.6812796208530805,0.4565916398713827,0.475425330812854,0.0066777963272119,1
0.2194840200231035,0.7855450236966823,0.4871382636655947,0.4688090737240071,0.4340567612687813,1
0.2556796303427031,0.4443127962085307,0.6511254019292603,0.6942344045368625,0.2704507512520868,1
0.3419329996149403,0.528436018957346,0.5225080385852088,0.5855387523629485,0.998330550918197,1
0.1151328455910666,0.5758293838862558,0.5964630225080387,0.5401701323251418,0.3355592654424039,1
0.183288409703504,0.5876777251184837,0.5723472668810288,0.4536862003780717,0.330550918196995,1
0.0843280708509819,0.7701421800947865,0.4131832797427652,0.2930056710775046,0.8313856427378965,1
0.1709664998074701,0.84478672985782,0.6495176848874598,0.4437618147448012,0.4941569282136894,1
0.1563342318059299,0.5118483412322274,0.7668810289389068,0.6181474480151232,0.7846410684474123,1
0.123989218328841,0.7203791469194316,0.6655948553054658,0.4078449905482042,0.8898163606010017,1
0.0777820562187139,0.683649289099526,0.7781350482315113,0.3667296786389413,0.6060100166944908,1
0.1363111282248748,0.6054502369668247,0.8376205787781348,0.5127599243856333,0.2654424040066777,1
0.2006160954948017,0.4609004739336493,0.6286173633440513,0.7022684310018903,0.4774624373956594,1
0.1282248748556026,0.6374407582938386,0.5241157556270093,0.4546313799621928,0.8831385642737897,1
0.2968810165575665,0.6469194312796209,0.8810289389067518,0.685727788279773,0.7161936560934892,1
0.0400462071621101,0.7997630331753554,0.6800643086816718,0.3733459357277882,0.71118530884808,1
0.2075471698113207,0.6137440758293837,0.7395498392282958,0.5888468809073721,0.5091819699499165,1
0.1759722757027339,0.6599526066350712,0.8681672025723473,0.5349716446124764,0.1752921535893155,1
0.2495186753946862,0.5734597156398102,0.6286173633440513,0.6403591682419663,0.8514190317195325,1
0.2456680785521756,0.9218009478672986,0.7636655948553057,0.4314744801512287,0.7328881469115192,1
0.2918752406623027,0.2902843601895735,0.7041800643086817,0.7646502835538751,0.4340567612687813,2
0.2514439738159414,0.4715639810426539,0.7668810289389068,0.6833648393194709,0.5642737896494157,1
0.1921447824412784,0.6599526066350712,0.7073954983922828,0.5127599243856333,0.5158597662771285,1
0.4000770119368502,0.3578199052132702,0.7073954983922828,0.8161625708884683,0.8480801335559265,3
0.3500192529842125,0.6078199052132702,0.6366559485530547,0.8100189035916818,0.4741235392320534,2
0.2803234501347709,0.4111374407582939,0.8922829581993568,0.7793005671077502,0.1118530884808013,2
0.2171736619175972,0.5094786729857823,0.8070739549839228,0.7670132325141772,0.8881469115191987,1
0.2899499422410473,0.4549763033175353,0.5176848874598072,0.7263705103969755,0.0968280467445742,1
0.3353869849826724,0.4526066350710902,0.8504823151125402,0.799621928166351,0.1202003338898163,2
0.2529842125529457,0.5130331753554507,0.5659163987138263,0.6550094517958414,0.981636060100167,1
0.1948402002310358,0.5604265402843605,0.7813504823151127,0.5822306238185257,0.6160267111853088,1
0.2857142857142857,0.4265402843601897,0.9083601286173631,0.7915879017013223,0.0083472454090149,2
0.1201386214863304,0.7440758293838865,0.6270096463022508,0.3553875236294899,0.6928213689482472,1
0.1632653061224489,0.546208530805687,0.7491961414790993,0.6361058601134211,0.8697829716193657,1
0.2703118983442434,0.588862559241706,0.0659163987138262,0.6545368620037806,0.2838063439065108,1
0.215633423180593,0.4774881516587679,0.6028938906752412,0.6403591682419663,0.7813021702838063,1
0.3142087023488641,0.4135071090047391,0.4180064308681672,0.7424385633270321,0.6310517529215358,3
0.209472468232576,0.7630331753554502,0.6655948553054658,0.5562381852551983,0.6911519198664442,1
0.7085098190219485,0.4431279620853079,0.8665594855305463,0.925803402646502,0.9599332220367278,3
0.3943011166730844,0.4620853080568721,0.5498392282958198,0.7263705103969755,0.7212020033388982,3
0.5190604543704275,0.5213270142180093,0.9131832797427653,0.8577504725897915,0.3121869782971619,2
0.2980361956103196,0.5521327014218009,0.8504823151125402,0.7268431001890354,0.642737896494157,1
0.3966114747785907,0.4419431279620855,0.6479099678456588,0.8388468809073721,0.2587646076794657,2
0.3299961494031575,0.4407582938388623,0.6913183279742763,0.8166351606805291,0.315525876460768,2
0.2860993453985368,0.5983412322274884,0.8151125401929258,0.5760869565217392,0.0717863105175292,1
0.9742010011551792,0.6706161137440758,0.7781350482315113,0.6729678638941401,0.669449081803005,3
0.4559106661532537,0.2772511848341232,0.4823151125401927,0.8983931947069941,0.4540901502504174,2
0.1116673084328071,0.4265402843601897,0.5659163987138263,0.7537807183364835,0.3522537562604341,2
0.176742395071236,0.4644549763033176,0.6720257234726688,0.6427221172022684,0.9065108514190316,1
0.2217943781286099,0.2867298578199055,0.3826366559485532,0.7603969754253308,0.0734557595993322,2
0.3080477474008471,0.359004739336493,0.4726688102893888,0.7230623818525519,0.5926544240400666,3
0.3061224489795918,0.4372037914691944,0.6302250803858518,0.7188090737240076,0.3288814691151921,1
0.1798228725452445,0.4798578199052135,0.4051446945337618,0.6086956521739131,0.3939899833055091,1
0.1024258760107817,0.580568720379147,0.5771704180064308,0.5576559546313797,0.2287145242070116,1
0.2060069310743165,0.4289099526066353,0.5980707395498392,0.6474480151228734,0.5976627712854758,3
0.1732768579129765,0.5,0.7186495176848873,0.6942344045368625,0.1101836393989983,1
0.1624951867539469,0.3696682464454977,0.5209003215434083,0.7211720226843097,0.2704507512520868,2
0.1008856372737774,0.6824644549763037,0.7990353697749197,0.5699432892249527,0.1419031719532554,1
0.1659607239122064,0.244075829383886,0.8118971061093243,0.8525519848771266,0.2320534223706177,2
0.0943396226415094,0.5758293838862558,0.7540192926045013,0.5382797731568996,0.5525876460767947,1
0.2256449749711205,0.4158767772511851,0.7524115755627012,0.8284499054820413,0.4691151919866444,2
0.1005005775895263,0.3732227488151656,0.6832797427652733,0.7481096408317578,0.4808013355592654,2
0.3061224489795918,0.520142180094787,0.4469453376205787,0.8752362948960304,0.9148580968280468,1
0.2826338082402773,0.3933649289099525,0.9131832797427653,0.831758034026465,0.7328881469115192,3
0.3407778205621871,0.2452606635071093,0.5659163987138263,0.8969754253308126,0.2003338898163605,2
0.3296110897189064,0.2689573459715642,0.4469453376205787,0.8794896030245747,0.5358931552587645,3
0.268001540238737,0.2345971563981042,0.7540192926045013,0.8256143667296785,0.2654424040066777,2
0.2606854062379669,0.292654028436019,0.8617363344051447,0.8653119092627595,0.4824707846410685,2
0.1601848286484405,0.2748815165876777,0.7266881028938907,0.8889413988657839,0.2737896494156928,2
0.1597997689641894,0.3601895734597153,0.6607717041800643,0.8331758034026464,0.2904841402337228,2
0.3176742395071236,0.4241706161137442,0.8794212218649518,0.9470699432892244,0.8013355592654423,3
0.2214093184443588,0.2879146919431279,0.7170418006430863,0.871455576559546,0.1235392320534223,2
0.2129380053908356,0.3542654028436018,0.7459807073954983,0.8426275992438566,0.2320534223706177,2
0.3369272237196765,0.3080568720379149,0.8424437299035368,0.893667296786389,0.2604340567612688,2
0.2687716596072391,0.3281990521327014,0.8070739549839228,0.8516068052930059,0.1035058430717863,2
0.2345013477088949,0.4253554502369669,0.6414790996784563,0.7835538752362945,0.35559265442404,2
0.2976511359260685,0.5189573459715637,0.8633440514469453,0.7008506616257089,0.7545909849749584,1
0.2006160954948017,0.4277251184834121,0.6591639871382633,0.7452741020793949,0.9432387312186978,3
0.3750481324605314,0.2879146919431279,0.6864951768488747,0.8983931947069941,0.2136894824707846,2
0.313823642664613,0.3744075829383888,0.5948553054662378,0.8610586011342152,0.041736227045075,2
0.3442433577204467,0.43957345971564,0.9469453376205784,0.903591682419659,0.5876460767946579,3
0.4139391605698883,0.4087677725118483,0.6688102893890673,0.8558601134215502,0.1001669449081802,2
0.41817481709665,0.3436018957345972,0.7990353697749197,0.8974480151228734,0.9398998330550918,3
0.4559106661532537,0.3412322274881516,0.3971061093247587,0.915879017013232,0.4641068447412354,2
0.3276857912976511,0.3483412322274883,0.8151125401929258,0.8629489603024574,0.308848080133556,2
0.5244512899499423,0.3613744075829386,0.5852090032154342,0.8572778827977308,0.7646076794657763,3
0.3788987293030419,0.3127962085308056,0.5064308681672027,0.8322306238185257,0.0550918196994991,2
0.6137851366961881,0.3992890995260665,0.5434083601286173,0.9272211720226836,0.0133555926544239,2
0.3731228340392761,0.4763033175355451,0.6254019292604502,0.8128544423440447,0.8096828046744575,3
0.985752791682711,0.3992890995260665,0.9308681672025724,0.925803402646502,0.3656093489148581,2
0.1278398151713515,0.2085308056872041,0.5209003215434083,0.8052930056710776,0.0350584307178631,2
0.3238351944551406,0.1445497630331753,0.3842443729903537,0.8478260869565215,0.33889816360601,2
0.2021563342318059,0.3542654028436018,0.5836012861736333,0.7537807183364835,0.7729549248747913,3
0.1840585290720061,0.1872037914691944,0.3424437299035372,0.7920604914933831,0.030050083472454,2
0.2075471698113207,0.1362559241706158,0.3472668810289387,0.7764650283553873,0.7696160267111853,3
0.1798228725452445,0.169431279620853,0.4662379421221863,0.8218336483931941,0.5692821368948247,3
0.1482479784366576,0.2345971563981042,0.5096463022508038,0.784499054820416,0.3889816360601001,2
0.1170581440123219,0.433649289099526,0.4823151125401927,0.6814744801512287,0.2270450751252086,2
0.1155179052753176,0.3092417061611372,0.4340836012861733,0.7211720226843097,0.4674457429048413,2
0.1124374278013092,0.3436018957345972,0.4999999999999998,0.7103024574669181,0.6110183639398998,3
0.1586445899114362,0.2594786729857823,0.3713826366559487,0.7594517958412093,0.6978297161936562,3
0.22911051212938,0.2571090047393367,0.4790996784565917,0.8312854442344042,0.9449081803005008,3
0.0966499807470157,0.2168246445497632,0.7154340836012862,0.7878071833648388,0.994991652754591,3
0.1370812475933769,0.2701421800947869,0.7668810289389068,0.7084120982986768,0.4090150250417362,2
0.1216788602233346,0.3376777251184837,0.4662379421221863,0.7462192816635156,0.8080133555926543,3
0.0920292645360031,0.3412322274881516,0.6221864951768488,0.6994328922495274,0.7178631051752922,3
0.1632653061224489,0.2109004739336493,0.8520900321543403,0.8459357277882793,0.3055091819699499,2
0.4012321909896034,0.2985781990521325,0.6945337620578773,0.8894139886578447,0.0751252086811352,2
0.2206391990758567,0.1753554502369669,0.5160771704180063,0.8861058601134211,0.7212020033388982,3
0.2529842125529457,0.1421800947867297,0.6864951768488747,0.8620037807183367,0.8497495826377295,3
0.1740469772814786,0.2582938388625591,0.4212218649517683,0.7982041587901696,0.2036727879799666,2
0.4401232190989603,0.1587677725118483,0.7186495176848873,0.9692816635160676,0.0166944908180299,2
0.1763573353869849,0.2725118483412325,0.6382636655948553,0.8577504725897915,0.1068447412353923,2
0.1821332306507508,0.2357819905213269,0.5305466237942122,0.8270321361058599,0.6243739565943238,3
0.2545244512899499,0.419431279620853,0.7845659163987138,0.8648393194706996,0.2904841402337228,2
0.3584905660377359,0.2559241706161139,0.5418006430868163,0.930529300567108,0.0868113522537562,2
0.2425876010781671,0.2168246445497632,0.5787781350482313,0.8534971644612472,0.5108514190317195,3
0.287639584135541,0.1765402843601893,0.6366559485530547,0.9102079395085064,0.3706176961602672,2
0.3257604928763959,0.3364928909952605,0.7990353697749197,0.8492438563327029,0.4524207011686143,2
0.2587601078167116,0.324644549763033,0.6366559485530547,0.7930056710775046,0.7946577629382303,3
0.2737774355025029,0.3009478672985781,0.4919614147909967,0.831758034026465,1.0,3
0.4520600693107432,0.244075829383886,0.5064308681672027,0.876181474480151,0.3639398998330552,2
0.1906045437042741,0.1907582938388623,0.5546623794212218,0.8894139886578447,0.4307178631051752,2
0.5175202156334233,0.2511848341232228,0.8536977491961413,0.9362003780718328,0.7328881469115192,3
0.3045822102425876,0.2938388625592418,0.7765273311897103,0.8955576559546312,0.7762938230383973,3
0.3192144782441279,0.2203791469194311,0.6800643086816718,0.8279773156899806,0.5392320534223707,3
0.3565652676164805,0.2345971563981042,0.7524115755627012,0.908317580340265,0.4457429048414023,2
0.6345783596457452,0.2594786729857823,0.6913183279742763,0.9314744801512288,0.0684474123539231,2
0.2402772429726607,0.3400473933649293,0.6945337620578773,0.8393194706994329,0.4991652754590985,3
0.268001540238737,0.2855450236966823,0.3456591639871382,0.8327032136105856,0.3706176961602672,2
0.3800539083557952,0.3045023696682465,0.6929260450160772,0.8563327032136101,0.2103505843071785,2
0.2853292260300347,0.2748815165876777,0.7025723472668808,0.8898865784499055,0.5859766277128546,3
0.3634963419329997,0.3566350710900474,0.7990353697749197,0.8733459357277882,0.7712854757929883,3
0.6692337312283404,0.338862559241706,0.7926045016077172,0.9347826086956514,0.3889816360601001,2
0.3708124759337697,0.3767772511848339,0.5819935691318328,0.8175803402646507,0.2153589315525876,2
0.1871390065460146,0.2215639810426544,0.4678456591639872,0.8298676748582228,0.4590984974958263,2
0.2171736619175972,0.2393364928909953,0.4549839228295818,0.7547258979206051,0.015025041736227,2
0.2514439738159414,0.1919431279620855,0.5160771704180063,0.8062381852551983,0.7896494156928213,3
0.1651906045437042,0.2334123222748814,0.1864951768488747,0.7826086956521738,0.2888146911519199,2
0.3103581055063535,0.232227488151659,0.5096463022508038,0.7811909262759915,0.5342237061769617,3
0.1867539468617635,0.2168246445497632,0.5514469453376203,0.7977315689981097,0.7278797996661102,3
0.1998459761262996,0.2535545023696683,0.5691318327974277,0.8005671077504726,0.7061769616026712,3
0.1509433962264151,0.3293838862559242,0.5787781350482313,0.6252362948960304,0.2320534223706177,2
0.216018482864844,0.264218009478673,0.4533762057877812,0.7414933837429114,0.4457429048414023,2
0.0793222949557181,0.2831753554502372,0.4453376205787778,0.6937618147448017,0.5575959933222037,3
0.1428571428571428,0.2357819905213269,0.6913183279742763,0.7982041587901696,0.1652754590984975,2
0.150558336542164,0.2026066350710902,0.7443729903536977,0.8270321361058599,0.1352253756260434,2
0.104736234116288,0.3376777251184837,0.6286173633440513,0.6739130434782608,0.7412353923205341,3
0.2757027339237582,0.3234597156398107,0.8086816720257233,0.8908317580340261,0.4240400667779632,2
0.0912591451675009,0.4822274881516586,0.4790996784565917,0.5827032136105865,0.689482470784641,1
0.2279553330766269,0.3909952606635074,0.7282958199356913,0.8171077504725899,0.8013355592654423,3
0.3423180592991914,0.2037914691943125,0.5450160771704178,0.9276937618147444,0.6393989983305508,3
0.4089333846746246,0.2736966824644549,0.5241157556270093,0.8917769376181468,0.5509181969949917,3
0.2699268386599923,0.1267772511848344,0.5337620578778133,0.8941398865784498,0.3956594323873121,2
0.202926453600308,0.3530805687203791,0.7524115755627012,0.888468809073724,0.7195325542570952,3
0.3604158644589912,0.2002369668246446,0.4790996784565917,0.9191871455576556,0.3923205342237063,2
0.1432422025413939,0.2843601895734595,0.6543408360128617,0.8364839319470692,0.1018363939899833,2
0.1678860223334617,0.3199052132701423,0.8231511254019288,0.8251417769376177,0.383973288814691,2
0.2664613015017328,0.244075829383886,0.7459807073954983,0.8979206049149333,0.0617696160267111,2
0.1855987678090104,0.2559241706161139,0.7411575562700967,0.8388468809073721,0.2053422370617696,2
0.2268001540238737,0.2488151658767776,0.6929260450160772,0.8501890359168236,0.5642737896494157,3
0.3788987293030419,0.2511848341232228,0.7797427652733118,0.8648393194706996,0.4457429048414023,2
0.2383519445514055,0.3293838862559242,0.6495176848874598,0.831758034026465,0.1769616026711186,2
0.228725452445129,0.3755924170616116,0.8279742765273312,0.8799621928166346,0.2203672787979966,2
0.2595302271852137,0.3755924170616116,0.7073954983922828,0.7372400756143662,0.5859766277128546,3
0.2914901809780516,0.3957345971563981,0.4292604501607717,0.7821361058601131,0.1352253756260434,2
0.1544089333846746,0.3080568720379149,0.5192926045016077,0.8081285444234405,0.9933222036727882,3
0.3731228340392761,0.3234597156398107,0.5498392282958198,0.8369565217391299,0.1853088480801336,2
0.2071621101270697,0.3696682464454977,0.6848874598070738,0.8180529300567105,0.5509181969949917,3
0.3242202541393916,0.3542654028436018,0.7733118971061093,0.8327032136105856,0.5308848080133557,3
0.3180592991913746,0.4111374407582939,0.5932475884244373,0.8175803402646507,0.1035058430717863,2
0.353099730458221,0.292654028436019,0.6623794212218648,0.8700378071833645,0.2370617696160266,2
0.3188294185598768,0.3412322274881516,0.7700964630225082,0.8468809073724,0.7762938230383973,3
0.300731613400077,0.4620853080568721,0.4903536977491962,0.8345935727788278,0.5626043405676127,1
0.477088948787062,0.2073459715639809,0.5948553054662378,0.8464083175803401,0.5742904841402336,3
0.2360415864458991,0.3412322274881516,0.5385852090032153,0.7849716446124768,0.325542570951586,2
0.287639584135541,0.4668246445497632,0.8553054662379418,0.8279773156899806,0.5041736227045075,1
0.2495186753946862,0.3613744075829386,0.8617363344051447,0.8034026465028345,0.3071786310517529,2
0.3469387755102041,0.3080568720379149,0.4549839228295818,0.8227788279773156,0.7696160267111853,3
0.2241047362341163,0.2286729857819907,0.6398713826366558,0.8379017013232506,0.348914858096828,2
0.1944551405467847,0.3151658767772511,0.3070739549839227,0.7003780718336481,0.6126878130217028,3
0.2237196765498652,0.2239336492890995,0.5305466237942122,0.8558601134215502,0.0784641068447412,2
0.1671159029649596,0.3234597156398107,0.4758842443729902,0.7046313799621924,0.0617696160267111,2
0.2198690797073546,0.3045023696682465,0.4662379421221863,0.824196597353497,0.971619365609349,3
0.124759337697343,0.3909952606635074,0.3649517684887458,0.7093572778827975,0.9732888146911518,3
0.2464381979206777,0.2701421800947869,0.5675241157556268,0.866257088846881,0.4156928213689482,2
0.1944551405467847,0.2713270142180093,0.4051446945337618,0.7863894139886574,0.7979966611018363,3
0.1351559491721216,0.3234597156398107,0.6237942122186497,0.7287334593572776,0.8914858096828047,3
0.1182133230650751,0.3104265402843604,0.7202572347266878,0.7027410207939502,0.9749582637729548,3
0.1189834424335772,0.2938388625592418,0.5659163987138263,0.7778827977315688,0.8046744574290485,3
0.2733923758182519,0.2132701421800948,0.6752411575562702,0.8511342155009451,0.9081803005008346,3
0.1108971890643049,0.4063981042654028,0.6286173633440513,0.6791115311909257,0.1368948247078464,2
0.1755872160184828,0.2014218009478674,0.6848874598070738,0.9092627599243857,0.4707846410684474,2
0.1012706969580285,0.4561611374407586,0.5546623794212218,0.6677693761814743,0.2404006677796327,1
0.2934154793993069,0.3151658767772511,0.5852090032154342,0.8506616257088844,0.7479131886477464,3
0.2179437812860993,0.3400473933649293,0.6929260450160772,0.8624763705103966,0.2036727879799666,2
0.3492491336157104,0.1421800947867297,0.7620578778135048,0.9546313799621924,0.8213689482470785,3
0.2441278398151714,0.2168246445497632,0.6913183279742763,0.8950850661625704,0.5642737896494157,3
0.1994609164420485,0.2488151658767776,0.6929260450160772,0.8544423440453688,0.6193656093489148,3
0.2183288409703504,0.2037914691943125,0.5948553054662378,0.8705103969754244,0.3589315525876461,2
0.1135926068540624,0.3341232227488153,0.5144694533762058,0.7783553875236295,0.4373956594323873,2
0.2656911821332307,0.34478672985782,0.5546623794212218,0.7835538752362945,0.9081803005008346,3
0.3950712360415864,0.3068720379146921,0.7154340836012862,0.9688090737240068,0.1686143572621034,2
0.2006160954948017,0.3732227488151656,0.6318327974276527,0.7807183364839316,0.4173622704507512,2
0.2229495571813631,0.3056872037914693,0.6591639871382633,0.8511342155009451,0.3856427378964941,2
0.2668463611859838,0.3838862559241702,0.4710610932475882,0.8086011342155013,0.347245409015025,2
0.1405467847516365,0.4348341232227488,0.7122186495176852,0.7306238185255198,0.1419031719532554,1
0.5564112437427802,0.2002369668246446,0.8054662379421218,0.8766540642722118,0.2003338898163605,2
0.2187139006546014,0.2630331753554502,0.6559485530546623,0.8038752362948953,0.8213689482470785,3
0.2495186753946862,0.3412322274881516,0.5450160771704178,0.7849716446124768,0.4073455759599332,2
0.3076626877165961,0.3281990521327014,0.7282958199356913,0.8246691871455569,0.909849749582638,3
0.4104736234116288,0.2274881516587679,0.5659163987138263,0.8445179584120979,0.0884808013355592,2
0.3477088948787062,0.359004739336493,0.6237942122186497,0.8832703213610582,0.1168614357262103,2
0.2518290335001925,0.3104265402843604,0.6398713826366558,0.8152173913043477,0.1452420701168614,2
0.4917212167886022,0.3815165876777251,0.5868167202572347,0.9144612476370506,0.649415692821369,3
0.3373122834039276,0.3210900473933651,0.7620578778135048,0.8142722117202261,0.7595993322203671,3
0.3765883711975357,0.3672985781990525,0.4774919614147912,0.8530245746691874,0.7712854757929883,3
0.3411628802464382,0.327014218009479,0.4662379421221863,0.7684310018903586,0.1919866444073455,2
0.3053523296110897,0.3625592417061609,0.7700964630225082,0.8052930056710776,0.3355592654424039,2
0.4166345783596458,0.3542654028436018,0.7990353697749197,0.8360113421550093,0.7762938230383973,3
0.2268001540238737,0.4277251184834121,0.6398713826366558,0.7258979206049148,0.2487479131886477,2
0.5040431266846361,0.43957345971564,0.9565916398713828,0.8369565217391299,0.9599332220367278,3
0.2468232576049287,0.2286729857819907,0.2781350482315112,0.8596408317580337,0.1719532554257095,2
0.2533692722371968,0.1018957345971562,0.2765273311897107,0.896030245746692,0.3706176961602672,2
0.2868694647670389,0.1966824644549762,0.2299035369774917,0.8577504725897915,0.5575959933222037,3
0.2033115132845591,0.2085308056872041,0.4742765273311893,0.8846880907372396,0.5008347245409015,3
0.1386214863303812,0.3045023696682465,0.4276527331189708,0.6786389413988658,0.1051752921535893,2
0.3092029264536003,0.2097156398104265,0.3601286173633438,0.8487712665406422,0.3138564273789649,2
0.2499037350789372,0.2582938388625591,0.6109324758842443,0.8525519848771266,0.8380634390651085,3
0.1906045437042741,0.2191943127962088,0.3954983922829582,0.7679584120982978,0.5208681135225375,3
0.1809780515979976,0.2452606635071093,0.4581993569131832,0.7585066162570886,0.4741235392320534,2
0.22911051212938,0.330568720379147,0.5787781350482313,0.8459357277882793,0.7278797996661102,3
0.2214093184443588,0.2594786729857823,0.4951768488745978,0.7414933837429114,0.7679465776293823,3
0.1209087408548325,0.2867298578199055,0.4437299035369773,0.8397920604914937,0.2871452420701169,2
0.0874085483249903,0.2606635071090046,0.5916398713826363,0.8412098298676751,0.5876460767946579,3
0.157104351174432,0.3720379146919432,0.6511254019292603,0.7504725897920608,0.1669449081803005,2
0.1624951867539469,0.2843601895734595,0.7990353697749197,0.9324196597353492,0.1268781302170284,2
0.1066615325375433,0.3187203791469195,0.7765273311897103,0.7523629489603021,0.682804674457429,3
0.3376973430881786,0.2796208530805688,0.8118971061093243,0.9423440453686204,0.2537562604340568,2
0.4385829803619561,0.2263033175355451,0.9999999999999998,1.0,0.9632721202003338,3
0.2845591066615325,0.1362559241706158,0.6704180064308682,0.9706994328922488,0.696160267111853,3
0.176742395071236,0.232227488151659,0.5257234726688103,0.8709829867674852,0.8063439065108513,3
0.274547554871005,0.2606635071090046,0.7524115755627012,0.9125708884688084,0.2353923205342236,2
0.215633423180593,0.2037914691943125,0.6350482315112538,0.9499054820415872,0.7696160267111853,3
0.2294955718136311,0.3080568720379149,0.8070739549839228,0.8842155009451798,0.2771285475792988,2
0.1825182903350019,0.3827014218009479,0.6205787781350478,0.8303402646502835,0.7145242070116862,3
0.4366576819407008,0.2654028436018958,0.9212218649517684,0.9943289224952734,0.8881469115191987,3
0.1443973815941471,0.3578199052132702,0.6125401929260448,0.8251417769376177,0.2871452420701169,2
0.3365421640354255,0.1646919431279623,0.5916398713826363,0.9409262759924388,0.6227045075125208,3
0.3357720446669234,0.2191943127962088,0.8006430868167198,0.9593572778827976,0.1519198664440734,2
0.2999614940315749,0.3542654028436018,0.6221864951768488,0.9229678638941392,0.2237061769616026,2
0.1932999614940315,0.2334123222748814,0.6768488745980703,0.8620037807183367,0.9565943238731218,3
0.5302271852137082,0.2772511848341232,0.5723472668810288,0.950378071833648,0.4240400667779632,2
0.2210242587601078,0.2168246445497632,0.5932475884244373,0.8336483931947063,0.7395659432387314,3
0.320369657296881,0.2488151658767776,0.5514469453376203,0.8846880907372396,0.2621035058430718,2
0.3623411628802465,0.2973933649289102,0.6575562700964632,0.8988657844990549,0.6160267111853088,3
0.3611859838274933,0.4253554502369669,0.8038585209003217,0.8516068052930059,0.642737896494157,3
0.4251058914131691,0.3210900473933651,0.6334405144694533,0.9376181474480144,0.0517529215358931,2
0.6915671929149019,0.3092417061611372,0.6977491961414792,0.8558601134215502,0.8714524207011687,3
0.5051983057373893,0.3969194312796209,0.6688102893890673,0.8818525519848768,0.7762938230383973,3
0.4809395456295726,0.2748815165876777,0.6623794212218648,0.9470699432892244,0.5225375626043405,3
0.5209857527916828,0.3056872037914693,0.7331189710610932,0.901228733459357,0.1986644407345575,2
0.2918752406623027,0.3329383886255921,0.7170418006430863,0.8275047258979207,0.4691151919866444,2
0.3496341932999615,0.2594786729857823,0.6736334405144693,0.8572778827977308,0.5275459098497495,3
0.4732383519445515,0.3957345971563981,0.8938906752411573,0.9097353497164457,0.676126878130217,3
0.4763188294185599,0.4052132701421804,0.8922829581993568,0.93289224952741,0.8063439065108513,3
0.35271467077397,0.1943127962085311,0.4501607717041802,0.908317580340265,0.1853088480801336,2
0.1035810550635348,0.1765402843601893,0.3536977491961413,0.7953686200378076,0.6143572621035058,3
0.1151328455910666,0.1931279620853079,0.4887459807073957,0.8908317580340261,0.8046744574290485,3
0.0866384289564882,0.074644549763033,0.1334405144694532,0.7963137996219283,0.4924874791318865,2
0.091644204851752,0.2132701421800948,0.4903536977491962,0.7022684310018903,0.1602671118530885,2
0.1725067385444744,0.1658767772511846,0.4019292604501607,0.8492438563327029,0.8848080133555927,3
0.1001155179052753,0.2357819905213269,0.5964630225080387,0.7618147448015122,0.2387312186978297,2
0.1336157104351174,0.2594786729857823,0.4501607717041802,0.7684310018903586,0.1936560934891485,2
0.0927993839045052,0.2677725118483414,0.5434083601286173,0.8336483931947063,0.1853088480801336,2
0.1174432036965729,0.1670616113744074,0.4790996784565917,0.8846880907372396,0.7228714524207012,3
0.1236041586445899,0.2298578199052134,0.3038585209003217,0.7670132325141772,0.8848080133555927,3
0.1039661147477859,0.2523696682464456,0.5707395498392283,0.7320415879017013,0.0,2
0.0400462071621101,0.232227488151659,0.5787781350482313,0.7159735349716447,0.0968280467445742,2
0.1336157104351174,0.3518957345971563,0.4758842443729902,0.8180529300567105,0.8497495826377295,3
0.0924143242202541,0.18957345971564,0.6446945337620578,0.7939508506616253,0.702838063439065,3
0.1459376203311513,0.3566350710900474,0.4951768488745978,0.7372400756143662,0.025041736227045,2
0.1644204851752021,0.2902843601895735,0.7331189710610932,0.9499054820415872,0.9749582637729548,3
0.1879091259145167,0.2191943127962088,0.4630225080385852,0.9144612476370506,0.8781302170283805,3
0.1909896033885252,0.2132701421800948,0.5562700964630227,0.8724007561436666,0.7696160267111853,3
0.1848286484405083,0.2334123222748814,0.3762057877813503,0.8289224952741021,0.2938230383973288,2
0.2499037350789372,0.2594786729857823,0.3906752411575562,0.9144612476370506,0.6093489148580968,3
0.3685021178282634,0.1718009478672986,0.5659163987138263,0.8931947069943282,0.1051752921535893,2
0.2194840200231035,0.2156398104265404,0.6173633440514468,0.9527410207939512,0.1886477462437394,2
0.4424335772044667,0.3033175355450237,0.2090032154340837,0.9050094517958404,0.6243739565943238,3
0.2864844050827878,0.1990521327014218,0.4067524115755623,0.9234404536862,0.6143572621035058,3
0.2033115132845591,0.2239336492890995,0.3488745980707393,0.9234404536862,0.8998330550918197,3
0.5105891413169041,0.1137440758293841,0.6270096463022508,0.9839319470699426,0.2470784641068447,2
0.2599152868694647,0.2144549763033172,0.4935691318327972,0.9163516068052928,0.7161936560934892,3
0.1852137081247593,0.169431279620853,0.5787781350482313,0.8771266540642717,0.9565943238731218,3
0.4778590681555641,0.1670616113744074,0.3778135048231508,0.8965028355387528,0.4574290484140233,2
0.2691567192914902,0.151658767772512,0.5434083601286173,0.8794896030245747,0.0517529215358931,2
0.2772429726607624,0.2073459715639809,0.6639871382636657,0.9087901701323248,0.0667779632721202,2
0.3184443588756257,0.2547393364928907,0.3440514469453377,0.8336483931947063,0.2404006677796327,2
0.2918752406623027,0.2654028436018958,0.5691318327974277,0.9319470699432896,0.2404006677796327,2
0.333846746245668,0.2831753554502372,0.7009646302250803,0.9163516068052928,0.8280467445742905,3
0.4932614555256065,0.2713270142180093,0.5803858520900318,0.9607750472589788,0.2303839732888146,2
0.2071621101270697,0.2831753554502372,0.5980707395498392,0.8865784499054818,0.5225375626043405,3
0.1998459761262996,0.278436018957346,0.5546623794212218,0.8478260869565215,0.8096828046744575,3
0.3819792067770504,0.2168246445497632,0.3649517684887458,0.8620037807183367,0.348914858096828,2
0.6222564497497113,0.3376777251184837,0.7459807073954983,0.9073724007561434,0.9215358931552586,3
0.156719291490181,0.3080568720379149,0.4598070739549837,0.8038752362948953,0.8414023372287147,3
0.4381979206777051,0.2760663507109009,0.5498392282958198,0.9286389413988658,0.4607679465776293,2
0.3769734308817867,0.327014218009479,0.7636655948553057,0.9664461247637046,0.1502504173622705,2
1.0,0.2511848341232228,0.6945337620578773,0.9792060491493384,0.3722871452420702,2
0.1632653061224489,0.1042654028436018,0.4694533762057877,0.8355387523629485,0.0901502504173622,2
0.137466307277628,0.1990521327014218,0.3922829581993567,0.8100189035916818,0.0100166944908179,2
0.1266846361185984,0.1007109004739339,0.3842443729903537,0.8520793950850658,0.657762938230384,3
0.0766268771659607,0.0201421800947869,0.5434083601286173,0.7528355387523629,0.7045075125208682,1
0.0773969965344628,0.1907582938388623,0.2926045016077172,0.6984877126654059,0.2737896494156928,2
0.1467077396996534,0.1184834123222748,0.2202572347266878,0.7901701323251418,0.3923205342237063,2
0.0604543704274162,0.2855450236966823,0.4742765273311893,0.6880907372400751,0.3071786310517529,2
0.0431266846361186,0.0864928909952609,0.6446945337620578,0.6899810964083173,0.317195325542571,2
0.0820177127454755,0.1611374407582939,0.3022508038585207,0.6984877126654059,0.6160267111853088,3
0.0858683095879861,0.2203791469194311,0.5337620578778133,0.7608695652173916,0.015025041736227,2
0.0747015787447054,0.2251184834123223,0.4630225080385852,0.6937618147448017,0.7545909849749584,3
0.0346553715825953,0.2274881516587679,0.4774919614147912,0.5931001890359173,0.0434056761268781,2
0.0485175202156334,0.1777251184834125,0.5594855305466238,0.5808128544423443,0.4691151919866444,2
0.0381209087408548,0.2156398104265404,0.2491961414790997,0.5652173913043477,0.8096828046744575,1
0.0250288794763188,0.2345971563981042,0.4340836012861733,0.6672967863894135,0.664440734557596,3
0.0889487870619946,0.0983412322274883,0.5803858520900318,0.626181474480151,0.1702838063439066,2
0.078937235271467,0.1718009478672986,0.3488745980707393,0.7466918714555764,0.3288814691151921,2
0.3342318059299191,0.0853080568720376,0.7250803858520898,0.9508506616257087,0.4173622704507512,2
0.3303812090874086,0.0059241706161139,0.4453376205787778,0.9291115311909256,0.3606010016694491,2
0.1016557566422795,0.0959715639810427,0.3135048231511252,0.8142722117202261,0.1368948247078464,2
0.0858683095879861,0.1848341232227488,0.4292604501607717,0.824196597353497,0.9916527545909848,3
0.1601848286484405,0.1042654028436018,0.3794212218649517,0.8152173913043477,0.8948247078464107,3
0.2013862148633038,0.0805687203791469,0.5225080385852088,0.893667296786389,0.64440734557596,3
0.2052368117058144,0.1172985781990521,0.4903536977491962,0.8530245746691874,1.0,3
0.0762418174817096,0.1682464454976306,0.080385852090032,0.7509451795841207,0.2170283806343905,2
0.2102425876010782,0.1658767772511846,0.6302250803858518,0.8719281663516067,0.3956594323873121,2
0.4104736234116288,0.0841232227488153,0.1350482315112537,0.8544423440453688,0.5976627712854758,3
0.0970350404312668,0.1386255924170618,0.4758842443729902,0.801984877126654,0.5826377295492489,3
0.0546784751636503,0.2594786729857823,0.6752411575562702,0.767485822306238,0.8030050083472455,3
0.2710820177127455,0.0473933649289097,0.2524115755627008,0.8256143667296785,0.2186978297161936,2
0.2217943781286099,0.062796208530806,0.6366559485530547,0.91351606805293,0.5258764607679467,1
0.157104351174432,0.2168246445497632,0.4598070739549837,0.8393194706994329,0.2053422370617696,2
0.1497882171736619,0.1386255924170618,0.2668810289389067,0.8171077504725899,0.5075125208681135,3
0.3912206391990759,0.1800947867298576,0.3295819935691317,0.9272211720226836,0.636060100166945,3
0.1605698883326916,0.2476303317535544,0.6977491961414792,0.8478260869565215,0.2053422370617696,2
0.2190989603388525,0.1753554502369669,0.5659163987138263,0.9319470699432896,0.0617696160267111,2
0.1917597227570273,0.2156398104265404,0.4790996784565917,0.8742911153119088,0.325542570951586,2
0.0800924143242202,0.1954976303317535,0.5932475884244373,0.7788279773156894,0.9482470784641068,3
0.2433577204466692,0.1646919431279623,0.6543408360128617,0.8771266540642717,0.659432387312187,3
0.4139391605698883,0.109004739336493,0.2652733118971062,0.8766540642722118,0.8797996661101835,3
0.1601848286484405,0.151658767772512,0.7315112540192923,0.8643667296786388,0.66110183639399,3
0.1297651135926068,0.0924170616113744,0.5707395498392283,0.8298676748582228,0.1819699499165274,2
0.1855987678090104,0.2796208530805688,0.7652733118971058,0.8648393194706996,0.4858096828046744,2
0.3030419715055834,0.1599526066350711,0.6913183279742763,0.9371455576559544,0.702838063439065,3
